Source,Date,PO,Client,Route,Aircraft,Tail,Operator,Pay Terms,Client Invoiced,Operator Paid,Margin,Funded By,Deposited To,Check/Deposit #,Jonny Profits,Jonny Invested,Jonny Owed,Jonny Returned,Client Paid?,OnFly Paid?,Investor Paid?,Operator Paid?,Bill in QB?,Referral,Referral Paid?
Live,2026-08-15,PO #00355,PSA Airlines,KDAY → KMCI,C310,N4358C,"Sonrise Aviation, LLC",Net 30,8100.0,6325.0,1775.0,Jonny 1%,,,63.25,6325.0,6388.25,0.0,No,No,No,No,No,,No
Live,2026-08-13,PO #VG081303,Piedmont Airlines,KROA → KHSV,King Air 90,N643EA,EXECUTIVE SHUTTLE,Net 30,8500.0,7341.03,1158.97,Jonny 1%,,,73.41,7341.03,7414.44,0.0,No,No,No,Yes,No,,No
Live,2026-08-13,PO #VG081207,Piedmont Airlines,KCLT → KHSV,Barron,N4380W,Axio,Net 30,5900.0,4528.0,1372.0,Jonny 1%,,,45.28,4528.0,4573.28,0.0,No,No,No,Yes,No,,No
Live,2026-08-12,PO #00354,PSA Airlines,KCVG → KMSN,C310,N6209X,Miller Aviation,Net 30,6600.0,4400.0,2200.0,Jonny 1%,,,44.0,4400.0,4444.0,0.0,No,No,No,No,No,,No
Live,2026-08-12,PO #00353,PSA Airlines,KCAK → KBDL,Aerostar,N52MG,"CASTLE AIR CHARTERS, LTD",Net 30,6100.0,4000.0,2100.0,Jonny 1%,,,40.0,4000.0,4040.0,0.0,No,No,No,Yes,No,,No
Live,2026-08-11,PO #00352,PSA Airlines,KCAK → KSHV,King Air 90,N643EA,EXECUTIVE SHUTTLE,Net 30,15100.0,12718.1,2381.9,Jonny 1%,,,127.18,12718.1,12845.28,0.0,No,No,No,Yes,No,,No
Live,2026-08-07,PO #00351,PSA Airlines,KCAK → KBGR,C310,N6209X,Miller Aviation,Net 30,10800.0,9309.53,1490.47,Jonny 1%,,,93.1,9309.53,9402.63,0.0,No,No,No,Yes,No,,No
Live,2026-08-06,PO #00350,PSA Airlines,KGSP → CYYZ,King Air 90,N643EA,EXECUTIVE SHUTTLE,Net 30,13250.0,11812.28,1437.72,Jonny 1%,,,118.12,11812.28,11930.4,0.0,No,No,No,Yes,No,,No
Live,2026-08-06,PO #VG080507,Piedmont Airlines,KROA → KFWA,C310,N6209X,Miller Aviation,Net 30,6800.0,5400.0,1400.0,Jonny 1%,,,54.0,5400.0,5454.0,0.0,No,No,No,Yes,No,,No
Live,2026-08-01,PO #00349,PSA Airlines,KDFW → KHRL,Mitsubishi MU2,N175CA,OK Air 1st,Net 30,13900.0,13075.0,825.0,Jonny 1%,,,130.75,13075.0,13205.75,0.0,No,No,No,Yes,No,,No
Live,2026-07-30,PO #00347,PSA Airlines,KCLT → KCVG → KMHT,Baron 58,N283MA,Axio,Net 30,12850.0,11084.0,1766.0,Jonny 1%,,,110.84,11084.0,11194.84,0.0,No,No,No,Yes,No,,No
Live,2026-07-30,PO #00348,PSA Airlines,KORF → KMHT,C310,N15TV,"ACE TRANSPORT SERVICE, INC.",Net 30,10200.0,8859.0,1341.0,Jonny 1%,,,88.59,8859.0,8947.59,0.0,No,No,No,Yes,No,,No
Live,2026-07-28,PO #00346,PSA Airlines,KNQA → KDFW,MU2,N175CA,AIR 1ST AVIATION COMPANIES OF OKLAHOMA INC,Net 30,10600.0,9600.0,1000.0,Jonny 1%,,,96.0,9600.0,9696.0,0.0,No,No,No,Yes,No,,No
Live,2026-07-27,PO #00345,PSA Airlines,KDAY → KMSP,CJ1,N127MJ,Zanesville Aviation,Net 30,4000.0,4000.0,0.0,Jonny 1%,,,40.0,4000.0,4040.0,0.0,No,No,No,Yes,No,,No
Live,2026-07-25,PO #00344,PSA Airlines,KDAY → KDSM,Barron,N758CA,Axio,Net 30,11000.0,9890.0,1110.0,Jonny 1%,,,98.9,9890.0,9988.9,0.0,No,No,No,Yes,No,,No
Live,2026-07-25,PO #00343,PSA Airlines,KCAK → KPVD,C310,N4258C & N5336C,"Sonrise Aviation, LLC",Net 30,16000.0,14572.0,1428.0,Jonny 1%,,,145.72,14572.0,14717.72,0.0,No,No,No,Yes,No,,No
Live,2026-07-25,PO #00342,PSA Airlines,KCVG → KMEM,MU2,N175CA,OK Air 1st,Net 30,14700.0,13300.0,1400.0,Jonny 1%,,,133.0,13300.0,13433.0,0.0,No,No,No,Yes,No,,No
Live,2026-07-24,PO #00341,PSA Airlines,KCAK → KMKE,King Air 90,N643EA,EXECUTIVE SHUTTLE,Net 30,12300.0,10526.25,1773.75,Jonny 1%,,,105.26,10526.25,10631.51,0.0,No,No,No,Yes,No,,No
Live,2026-07-19,PO #00340,PSA Airlines,KPNS → KDFW,MU2,N175CA,AIR 1ST AVIATION COMPANIES OF OKLAHOMA INC,Net 30,15000.0,13900.0,1100.0,Jonny 1%,OFA Biz Acct,PSA ACH #405017,139.0,13900.0,0.0,14039.0,Yes,No,Yes,Yes,No,,No
Live,2026-07-17,PO #00339,PSA Airlines,KDFW → KMAF,MU-2,N175CA,OK Air 1st,Net 30,10600.0,9400.0,1200.0,Jonny 1%,OFA Biz Acct,PSA ACH #405017,94.0,9400.0,0.0,9494.0,Yes,No,Yes,Yes,No,,No
Live,2026-07-16,PO #00338,PSA Airlines,KSAV → KHOU,Barron,N4380W,Axio,Net 30,13100.0,11713.0,1387.0,Jonny 1%,OFA Biz Acct,PSA ACH #405017,117.13,11713.0,0.0,11830.13,Yes,No,Yes,Yes,No,,No
Live,2026-07-13,PO #00337,PSA Airlines,KGSP → KJAX,Baron 58,N4380W,Axio,Net 30,7700.0,5733.0,1967.0,Jonny 1%,OFA Biz Acct,PSA ACH #404739,57.33,5733.0,0.0,5790.33,Yes,No,Yes,Yes,No,,No
Live,2026-07-12,PO #00335,PSA Airlines,KGSP → KPHL,C90,N643EA,EXECUTIVE SHUTTLE,Net 30,10400.0,9195.14,1204.86,Jonny 1%,OFA Biz Acct,PSA ACH #404739,91.95,9195.14,0.0,9287.09,Yes,No,Yes,Yes,No,,No
Live,2026-07-12,PO #00336,PSA Airlines,KDFW → KIAD,King Air 200,N34LT,Axio,Net 30,28750.0,26695.0,2055.0,Jonny 1%,OFA Biz Acct,PSA ACH #404739,266.95,26695.0,0.0,26961.95,Yes,No,Yes,Yes,No,,No
Live,2026-07-10,PO #00602,Trans North,KMSY → KTEB,XLS,N817EG,ENG Aviation,Net 30,45000.0,40292.0,4708.0,Jonny 1%,OFA Biz Acct,Chase - 9200502235,402.92,40292.0,0.0,40694.92,Yes,No,Yes,Yes,No,,No
Live,2026-07-10,PO #00334,PSA Airlines,KGSP → KBGR,C90,N643EA,EXECUTIVE SHUTTLE,Net 30,14400.0,13351.35,1048.65,Jonny 1%,OFA Biz Acct,PSA ACH #404739,133.51,13351.35,0.0,13484.86,Yes,No,Yes,Yes,No,,No
Live,2026-07-09,PO #00333,PSA Airlines,KCLT → KBTV,Barron,N4380W,Axio,Net 30,10575.0,9179.0,1396.0,Jonny 1%,OFA Biz Acct,PSA ACH #404614,91.79,9179.0,0.0,9270.79,Yes,No,Yes,Yes,No,,No
Live,2026-07-08,PO #VG070804,Piedmont Airlines,KROA → KGNV → KROA,C90,N643EA,EXECUTIVE SHUTTLE,Net 30,12600.0,11031.35,1568.65,Jonny 1%,OFA Biz Acct,PDT Check #913788,110.31,11031.35,0.0,11141.66,Yes,No,Yes,Yes,No,,No
Live,2026-07-06,PO #00332,PSA Airlines,KORF → KBDL,C310,N4258C,"Sonrise Aviation, LLC",Net 30,8600.0,7484.35,1115.65,Jonny 1%,OFA Biz Acct,PSA ACH #404614,74.84,7484.35,0.0,7559.19,Yes,No,Yes,Yes,No,,No
Live,2026-07-04,PO #00331,PSA Airlines,KGSP → KXNA,Barron,WILL SEND ,Axio,Net 30,9800.0,8271.0,1529.0,Jonny 1%,OFA Biz Acct,PSA ACH #404504,82.71,8271.0,0.0,8353.71,Yes,No,Yes,Yes,No,,No
Live,2026-07-03,PO #00330,PSA Airlines,KCVG → KBDL,C310,N6209X,Miller Aviation,Net 30,8600.0,7644.35,955.65,Jonny 1%,OFA Biz Acct,PSA ACH #404504,76.44,7644.35,0.0,7720.79,Yes,No,Yes,Yes,No,,No
Live,2026-07-03,PO #00329,PSA Airlines,KDAY → KCAK,Aerostar,N49MG,Castle Aviation,Net 30,6500.0,5350.0,1150.0,Jonny 1%,OFA Biz Acct,PSA ACH #404504,53.5,5350.0,0.0,5403.5,Yes,No,Yes,Yes,No,,No
Live,2026-07-02,PO #00325,PSA Airlines,KHPN → KDAY,DA-42,N443J,Contrail - Charlie,Net 30,8500.0,7450.0,1050.0,Jonny 1%,OFA Biz Acct,PSA ACH #404366,74.5,7450.0,0.0,7524.5,Yes,No,Yes,Yes,No,,No
Live,2026-07-02,PO #00326,PSA Airlines,KDAY → KPHL,DA-42,N433J,Contrail - Charlie,Net 30,3500.0,2130.0,1370.0,Jonny 1%,OFA Biz Acct,PSA ACH #404366,21.3,2130.0,0.0,2151.3,Yes,No,Yes,Yes,No,,No
Live,2026-07-02,PO #00328,PSA Airlines,KCAK → KALB,Aerostar,N52MG,Castle Aviation,Net 30,5600.0,4312.25,1287.75,Jonny 1%,OFA Biz Acct,PSA ACH #404366,43.12,4312.25,0.0,4355.37,Yes,No,Yes,Yes,No,,No
Live,2026-07-02,PO #00327,PSA Airlines,KPHL → KMSN,King Air 90,N825SD,"ACE TRANSPORT SERVICE, INC.",Net 30,21000.0,18460.0,2540.0,Jonny 1%,OFA Biz Acct,PSA ACH #404366,184.6,18460.0,0.0,18644.6,Yes,No,Yes,Yes,No,,No
Live,2026-07-01,PO #00324,PSA Airlines,KDAY → KMSN,C310,N6209X,Miller Aviation,Net 30,5800.0,4100.0,1700.0,Jonny 1%,OFA Biz Acct,PSA ACH #404366,41.0,4100.0,0.0,4141.0,Yes,No,Yes,Yes,No,,No
Live,2026-06-30,PO #00323,PSA Airlines,KDAY → KHPN,C310,N6209X,Miller Aviation,Net 30,8100.0,6713.9,1386.1,Jonny 1%,OFA Biz Acct,PSA ACH #404194,67.14,6713.9,0.0,6781.04,Yes,No,Yes,Yes,No,,No
Live,2026-06-27,PO #00322,PSA Airlines,KCAK → KBUF,C310,N4258C,"Sonrise Aviation, LLC",Net 30,5800.0,4469.78,1330.22,Jonny 1%,OFA Biz Acct,PSA ACH #404194,44.7,4469.78,0.0,4514.48,Yes,No,Yes,Yes,No,,No
Live,2026-06-15,PO #00321,PSA Airlines,KCAK → KHPN,C310,N6209X,"MILLER AVIATION, LLC",Net 30,8300.0,7708.75,591.25,Jonny 1%,OFA Biz Acct,PSA ACH #403805,77.09,7708.75,0.0,7785.84,Yes,No,Yes,Yes,No,,No
Live,2026-06-14,PO #00320,PSA Airlines,KDAY → KMSN,C310,N5336C,Miller Aviation,Net 30,6000.0,4200.0,1800.0,Jonny 1%,OFA Biz Acct,PSA ACH #403805,42.0,4200.0,0.0,4242.0,Yes,No,Yes,Yes,No,,No
Live,2026-06-13,PO #00319,PSA Airlines,KCVG → KDAY → KMSN,C310,N6209X,MILLER AVIATION LLC,Net 30,6400.0,4600.0,1800.0,Jonny 1%,OFA Biz Acct,PSA ACH #403701,46.0,4600.0,0.0,4646.0,Yes,No,Yes,Yes,No,,No
Live,2026-06-12,PO #00318,PSA Airlines,KCVG → KDFW,Falcon 20,N20WK,ROYAL AIR CHARTER,Net 30,25100.0,21412.9,3687.1,Jonny 1%,OFA Biz Acct,PSA ACH #403701,214.13,21412.9,0.0,21627.03,Yes,No,Yes,Yes,No,,No
Live,2026-06-11,PO #00316,PSA Airlines,KCAK → KDFW,C310,N1908G,AIR Z FLYING SERVICE (Larry),Net 30,13450.0,12000.0,1450.0,Jonny 1%,OFA Biz Acct,PSA ACH #403701,120.0,12000.0,0.0,12120.0,Yes,No,Yes,Yes,No,,No
Live,2026-06-10,PO #00315,PSA Airlines,KSAV → KPNS,SR-22,N606MF,Axio,Net 30,7900.0,7000.0,900.0,Jonny 1%,OFA Biz Acct,PSA ACH #403701,70.0,7000.0,0.0,7070.0,Yes,No,Yes,Yes,No,,No
Live,2026-06-03,PO #00314,PSA Airlines,KNQA → KCLT,C404,N103RC,"Sonrise Aviation, LLC",Net 30,9700.0,8495.0,1205.0,Jonny 1%,OFA Biz Acct,PSA ACH #403342,84.95,8495.0,0.0,8579.95,Yes,No,Yes,Yes,No,,No
Live,2026-06-02,PO #00313,PSA Airlines,KCAK → KMSP,C310 / Carvan ,C310 = N4284M CARAVAN =  N179SA,"Sonrise Aviation, LLC",Net 30,18300.0,16800.0,1500.0,Jonny 1%,OFA Biz Acct,PSA ACH #403342,168.0,16800.0,0.0,16968.0,Yes,No,Yes,Yes,No,,No
Live,2026-05-30,PO #00311,PSA Airlines,KCAK → KBTV,Piper Aerostar,N52MG,CASTLE AVIATION INC,Net 30,6600.0,5070.0,1530.0,Jonny 1%,OFA Biz Acct,PSA ACH #403214,50.7,5070.0,0.0,5120.7,Yes,No,Yes,Yes,No,,No
Live,2026-05-30,PO #00312,PSA Airlines,KDAY → KMSY,Aerostar,N52MG,Castle Aviation,Net 30,11750.0,7515.79,4234.21,Jonny 1%,OFA Biz Acct,PSA ACH #403214,75.16,7515.79,0.0,7590.95,Yes,No,Yes,Yes,No,,No
Live,2026-05-28,PO #00310,PSA Airlines,KDAY → KROC,C310,N1908G,AIR Z FLYING SERVICE (Larry),Net 30,6000.0,4500.0,1500.0,Jonny 1%,OFA Biz Acct,PSA ACH #403214,45.0,4500.0,0.0,4545.0,Yes,No,Yes,Yes,No,,No
Live,2026-05-27,PO #00309,PSA Airlines,KCAK → KCVG → KPIA,C404,N103RC,"Sonrise Aviation, LLC",Net 30,10000.0,8482.0,1518.0,Jonny 1%,OFA Biz Acct,PSA ACH #403080,84.82,8482.0,0.0,8566.82,Yes,No,Yes,Yes,No,,No
Live,2026-05-26,PO #00307,PSA Airlines,KGSP → KBTR,King Air 90,N643EA,EXECUTIVE SHUTTLE,Net 30,9800.0,8551.24,1248.76,Jonny 1%,OFA Biz Acct,PSA ACH #403080,85.51,8551.24,0.0,8636.75,Yes,No,Yes,Yes,No,,No
Live,2026-05-26,PO #00308,PSA Airlines,KDAY → KCAK → KHPN,C310,N6209X,"MILLER AVIATION, LLC",Net 30,8100.0,6623.9,1476.1,Jonny 1%,OFA Biz Acct,PSA ACH #403080,66.24,6623.9,0.0,6690.14,Yes,No,Yes,Yes,No,,No
Live,2026-05-26,PO #00305,PSA Airlines,KCVG → KDFW,C310,N2738B,"Sonrise Aviation, LLC",Net 30,10800.0,10083.93,716.07,Jonny 1%,OFA Biz Acct,PSA ACH #403080,100.84,10083.93,0.0,10184.77,Yes,No,Yes,Yes,No,,No
Live,2026-05-26,PO #00306,PSA Airlines,KDAY → KCLT,C310,N5336C,Miller Aviation,Net 30,5750.0,5115.0,635.0,Jonny 1%,OFA Biz Acct,PSA ACH #403080,51.15,5115.0,0.0,5166.15,Yes,No,Yes,Yes,No,,No
Live,2026-05-24,PO #00304,PSA Airlines,KDAY → KXNA,King Air 90,N643EA,EXECUTIVE SHUTTLE,Net 30,12500.0,11830.63,669.37,Jonny 1%,OFA Biz Acct,PSA ACH #402964,118.31,11830.63,0.0,11948.94,Yes,No,Yes,Yes,No,,No
Live,2026-05-23,PO #00303,PSA Airlines,KDAY → KCAK → KXNA,C310,N6209X,"MILLER AVIATION, LLC",Net 30,9500.0,8060.0,1440.0,Jonny 1%,OFA Biz Acct,PSA ACH #402964,80.6,8060.0,0.0,8140.6,Yes,No,Yes,Yes,No,,No
Live,2026-05-22,PO #00302,PSA Airlines,KCVG → CYUL,Aerostar,TBD,"CASTLE AIR CHARTERS, LTD",Net 30,10500.0,8920.0,1580.0,Jonny 1%,OFA Biz Acct,PSA ACH #402964,89.2,8920.0,0.0,9009.2,Yes,No,Yes,Yes,No,,No
Live,2026-05-21,PO #00301,PSA Airlines,KCLT → KLFT,Cheyenne ,N154CA,FedAir (Mario),Net 30,25000.0,24500.0,500.0,Jonny 1%,OFA Biz Acct,PSA ACH #402964,245.0,24500.0,0.0,24745.0,Yes,No,Yes,Yes,No,,No
Live,2026-05-19,PO #00601,Bill Lawson,KJWN → KMLU → KJWN,King Air 90,N643EA,EXECUTIVE SHUTTLE,Due Before the Trip. ,13500.0,10995.0,2505.0,Jonny 1%,OFA Biz Acct,TWO QB Deposits,109.95,10995.0,0.0,11104.95,Yes,No,Yes,Yes,No,,No
Live,2026-05-17,PO #00300,PSA Airlines,KCAK → KMCI,Piper Cheyenne,N154CA,FedAir (Mario),Net 30,21000.0,19500.0,1500.0,Jonny 1%,OFA Biz Acct,PSA ACH #402692,195.0,19500.0,0.0,19695.0,Yes,No,Yes,Yes,No,,No
Live,2026-05-16,PO #00299,PSA Airlines,KCAK → KMCI,C310,N6209X,Miller Aviation,Net 30,8500.0,7308.0,1192.0,Jonny 1%,OFA Biz Acct,PSA ACH #402692,73.08,7308.0,0.0,7381.08,Yes,No,Yes,Yes,No,,No
Live,2026-05-16,PO #00298,PSA Airlines,KCAK → KMCI,Piper Cheyenne,N154CA,FedAir (Mario),Net 30,21000.0,19500.0,1500.0,Jonny 1%,OFA Biz Acct,PSA ACH #402692,195.0,19500.0,0.0,19695.0,Yes,No,Yes,Yes,No,,No
Live,2026-05-13,PO #00297,PSA Airlines,KDFW → KGSP,King Air 90,N643EA,EXECUTIVE SHUTTLE,Net 30,14500.0,9979.0,4521.0,Jonny 1%,OFA Biz Acct,PSA ACH #402573,99.79,9979.0,0.0,10078.79,Yes,No,Yes,Yes,No,,No
Live,2026-05-12,PO #00296,PSA Airlines,KCKB → KGSP,C310,N5336C,Miller Aviation,Net 30,6900.0,5600.0,1300.0,Jonny 1%,OFA Biz Acct,PSA ACH #402461,56.0,5600.0,0.0,5656.0,Yes,No,Yes,Yes,No,,No
Live,2026-05-10,PO #00295,PSA Airlines,KGSP → KMAF,Barron,N4380W,Axio,Net 30,15500.0,14333.0,1167.0,Jonny 1%,OFA Biz Acct,PSA ACH #402461,143.33,14333.0,0.0,14476.33,Yes,No,Yes,Yes,No,,No
Live,2026-05-08,PO #00294,PSA Airlines,KCKB → KGRR,King Air 90,N643EA,EXECUTIVE SHUTTLE,Net 30,11100.0,9711.25,1388.75,Jonny 1%,OFA Biz Acct,PSA ACH #402342,97.11,9711.25,0.0,9808.36,Yes,No,Yes,Yes,No,,No
Live,2026-05-07,PO #00292,PSA Airlines,KCVG → KDFW,C310,N1908G,AIR Z FLYING SERVICE (Larry),Net 30,13000.0,10450.0,2550.0,Jonny 1%,OFA Biz Acct,PSA ACH #402342,104.5,10450.0,0.0,10554.5,Yes,No,Yes,Yes,No,,No
Live,2026-05-07,PO #00293,PSA Airlines,KNQA → KIAD,Baron 58,N4380W,Axio,Net 30,9400.0,8240.0,1160.0,Jonny 1%,OFA Biz Acct,PSA ACH #402342,82.4,8240.0,0.0,8322.4,Yes,No,Yes,Yes,No,,No
Live,2026-05-07,PO #00291,PSA Airlines,KCVG → KTUL,Piper Cheyenne,N154CA,FedAir (Mario),Net 30,18900.0,17800.0,1100.0,Jonny 1%,OFA Biz Acct,PSA ACH #402342,178.0,17800.0,0.0,17978.0,Yes,No,Yes,Yes,No,,No
Live,2026-05-06,PO #00290,PSA Airlines,KCAK → KIAD,C310,N1908G,Air Z Flying Service Inc,Net 30,5500.0,3900.0,1600.0,Jonny 1%,OFA Biz Acct,PSA ACH #402342,39.0,3900.0,0.0,3939.0,Yes,No,Yes,Yes,No,,No
Live,2026-05-05,PO #00289,PSA Airlines,KCKB → KDFW,C310,N2738B,"Sonrise Aviation, LLC",Net 30,12500.0,10833.92,1666.08,Jonny 1%,OFA Biz Acct,PSA ACH #402342,108.34,10833.92,0.0,10942.26,Yes,No,Yes,Yes,No,,No
Live,2026-05-03,PO #00288,PSA Airlines,KCKB → KDFW,C310,N5336C,Miller Aviation,Net 30,12500.0,11433.92,1066.08,Jonny 1%,OFA Biz Acct,PSA ACH #402208,114.34,11433.92,0.0,11548.26,Yes,No,Yes,Yes,No,,No
Live,2026-05-02,PO #00287,PSA Airlines,KCKB → KTYS,C310,N5336C,Miller Aviation,Net 30,6500.0,4900.0,1600.0,Jonny 1%,OFA Biz Acct,PSA ACH #402208,49.0,4900.0,0.0,4949.0,Yes,No,Yes,Yes,No,,No
Live,2026-05-01,PO #00286,PSA Airlines,KORF → KBTV,C310,N15TV,Ace Transport Service Inc,Net 30,10250.0,8635.6,1614.4,Jonny 1%,OFA Biz Acct,PSA ACH #402009,86.36,8635.6,0.0,8721.96,Yes,No,Yes,Yes,No,,No
Live,2026-04-30,PO #00285,PSA Airlines,KORF → KBTV,TBM,N651WB,Contrail Inc,Net 30,11500.0,10249.95,1250.05,Jonny 1%,OFA Biz Acct,PSA ACH #402009,102.5,10249.95,0.0,10352.45,Yes,No,Yes,Yes,No,,No
Live,2026-04-30,PO #00284,PSA Airlines,KCLT → KBHM → KCLT,King Air 90,N643EA,EXECUTIVE SHUTTLE,Net 30,9650.0,8394.38,1255.62,Jonny 1%,OFA Biz Acct,PSA ACH #402009,83.94,8394.38,0.0,8478.32,Yes,No,Yes,Yes,No,,No
Live,2026-04-28,PO #00282,PSA Airlines,KGSP → KMSP,King Air 200,N989LA,Axio,Net 30,24900.0,23695.0,1205.0,Jonny 1%,OFA Biz Acct,PSA ACH #402009,236.95,23695.0,0.0,23931.95,Yes,No,Yes,Yes,No,,No
Live,2026-04-28,PO #00283,PSA Airlines,KDAY → KATL,C310,N98DM,"Sonrise Aviation, LLC",Net 30,7000.0,5413.82,1586.18,Jonny 1%,OFA Biz Acct,PSA ACH #402009,54.14,5413.82,0.0,5467.96,Yes,No,Yes,Yes,No,,No
Live,2026-04-27,PO #00281,PSA Airlines,KORF → KXNA,TBM,N651WB,Contrail Inc,Net 30,19900.0,18675.0,1225.0,Jonny 1%,OFA Biz Acct,PSA ACH #402009,186.75,18675.0,0.0,18861.75,Yes,No,Yes,Yes,No,,No
Live,2026-04-22,PO #00503,Endeavor Air,KHSV → KDTW,C404,N80BS,"Sonrise Aviation, LLC",Net 30,8512.0,7077.0,1435.0,Jonny 1%,OFA Biz Acct,Endeavor ACH #601202000011489,70.77,7077.0,0.0,7147.77,Yes,No,Yes,Yes,No,,No
Live,2026-04-22,PO #00280,PSA Airlines,KCLT → KDFW,King Air 90,N643EA,EXECUTIVE SHUTTLE,Net 30,14900.0,13832.68,1067.32,Jonny 1%,OFA Biz Acct,PSA ACH #401823,138.33,13832.68,0.0,13971.01,Yes,No,Yes,Yes,No,,No
Live,2026-04-20,PO #00278,PSA Airlines,KCKB → KSAV,C310,N5336C,Miller Aviation,Net 30,8600.0,7508.0,1092.0,Jonny 1%,OFA Biz Acct,PSA ACH #401823,75.08,7508.0,0.0,7583.08,Yes,No,Yes,Yes,No,,No
Live,2026-04-20,PO #00279,PSA Airlines,KDAY → KPHL,C310,N2738B,"Sonrise Aviation, LLC",Net 30,6800.0,5680.8,1119.2,Jonny,OFA Biz Acct,PSA ACH #401823,56.81,5680.8,0.0,5680.8,Yes,No,Yes,Yes,No,,No
Live,2026-04-19,PO #00277,PSA Airlines,KCLT → KPHL,B58,N4380W,Axio,Net 30,8500.0,6934.0,1566.0,Jonny,OFA Biz Acct,PSA ACH #401668,69.34,6934.0,0.0,6934.0,Yes,No,Yes,Yes,No,,No
Live,2026-04-18,PO#B00275,PSA Airlines,,,,,Net 30,5547.5,4969.74,577.76,Jonny 1%,OFA Biz Acct,PSA ACH #401668,49.7,4969.74,0.0,5019.44,Yes,No,Yes,Yes,No,,No
Live,2026-04-18,PO#A00275,PSA Airlines,,,,,Net 30,10652.5,9800.0,852.5,Jonny 1%,OFA Biz Acct,PSA ACH #401668,98.0,9800.0,0.0,9898.0,Yes,No,Yes,Yes,No,,No
Live,2026-04-18,PO #00276,PSA Airlines,KGSP → KDSM,King Air 200,N989LA,Axio,Net 30,18500.0,15434.0,3066.0,Jonny,OFA Biz Acct,PSA ACH #401668,154.34,15434.0,0.0,15434.0,Yes,No,Yes,Yes,No,,No
Live,2026-04-17,PO #00273,PSA Airlines,KDAY → KJAN,C310,N2738B,"Sonrise Aviation, LLC",Net 30,8450.0,6995.0,1455.0,Jonny,OFA Biz Acct,PSA ACH #401668,69.95,6995.0,0.0,6995.0,Yes,No,Yes,Yes,No,,No
Live,2026-04-17,PO #00274,PSA Airlines,KGSP → KORF,C90,N643EA,EXECUTIVE SHUTTLE,Net 30,7900.0,6834.0,1066.0,Jonny,OFA Biz Acct,PSA ACH #401486,68.34,6834.0,0.0,6834.0,Yes,No,Yes,Yes,No,,No
Live,2026-04-13,PO #00272,PSA Airlines,KCKB → KCLT,C310,N3248M,"Sonrise Aviation, LLC",Net 30,6500.0,5130.0,1370.0,Jonny,OFA Biz Acct,PSA ACH#401359,51.3,5130.0,0.0,5130.0,Yes,No,Yes,Yes,No,,No
Live,2026-04-11,PO #00271,PSA Airlines,KCLT → KORF → KBTV,Baron 58,N4380W,Axio,Net 30,12100.0,10316.0,1784.0,Jonny,OFA Biz Acct,PSA ACH#401359,103.16,10316.0,0.0,10316.0,Yes,No,Yes,Yes,No,,No
Live,2026-04-08,PO #00269,PSA Airlines,KCLT → KIAD,Baron ,N758CA,Axio,Net 30,7000.0,5359.0,1641.0,Jonny 1%,OFA Biz Acct,PSA ACH# 401236,53.59,5359.0,0.0,5412.59,Yes,No,Yes,Yes,No,,No
Live,2026-04-08,PO #00270,PSA Airlines,KDAY → KCAK → KMKE,C310,N3284M,"Sonrise Aviation, LLC",Net 30,6100.0,4474.74,1625.26,Jonny 1%,OFA Biz Acct,PSA ACH# 401236,44.75,4474.74,0.0,4519.49,Yes,No,Yes,Yes,No,,No
Live,2026-03-31,PO #00268,PSA Airlines,KCLT → KIAD,KA 90,N643EA,Exec Shuttle,Net 30,9600.0,8438.38,1161.62,Jonny 1%,OFA Biz Acct,PSA ACH #400801,84.38,8438.38,0.0,8522.76,Yes,No,Yes,Yes,No,,No
Live,2026-03-31,PO #00600,Trans North,KDAY → KFTY,Citation Bravo,N510CN,Zanesville Aviation,Net 30,21106.0,20208.0,898.0,Jonny 1%,,1597,202.08,20208.0,0.0,20410.08,Yes,No,Yes,Yes,No,,No
Live,2026-03-30,PO #00267,PSA,KCAK → KMEM,Aerostar,N52MG,Castle Aviation,Net 30,6550.0,5150.0,1400.0,Jonny 1%,OFA Biz Acct,PSA ACH #400801,51.5,5150.0,0.0,5201.5,Yes,No,Yes,Yes,No,,No
Live,2026-03-28,PO #00266,PSA,KCLT → KJFK,KA 90,,Exec Shuttle,Net 30,14300.0,12970.0,1330.0,Jonny 1%,OFA Biz Acct,PSA ACH #400801,129.7,12970.0,0.0,13099.7,Yes,No,Yes,Yes,No,,No
Live,2026-03-26,PO #00265,PSA,KDAY → KMSP,C310,,Sonrise,Net 30,7800.0,6901.24,898.76,Jonny 1%,OFA Biz Acct,PSA ACH #400629,69.01,6901.24,0.0,6970.25,Yes,Yes,Yes,Yes,No,,No
Live,2026-03-26,PO #00264,PSA,KCVG → KMCI,C310,,Sonrise,Net 30,8500.0,7183.0,1317.0,Jonny 1%,OFA Biz Acct,PSA ACH #400629,71.83,7183.0,0.0,7254.83,Yes,Yes,Yes,Yes,No,,No
Live,2026-03-24,PO #00263,PSA,KGSP → KDAY,,,Axio,Net 30,6500.0,4800.0,1700.0,Jonny 1%,OFA Biz Acct,PSA ACH #400629,48.0,4800.0,0.0,4848.0,Yes,Yes,Yes,Yes,No,,No
Live,2026-03-23,PO #00262,PSA,KCLT → KBUF,C90,,Exec Shuttle,Net 30,11900.0,10209.13,1690.87,Jonny 1%,OFA Biz Acct,PSA ACH #400484,102.09,10209.13,0.0,10311.22,Yes,Yes,Yes,Yes,No,,No
Live,2026-03-21,PO #00261,PSA,KCVG → KPWM,C310,,Sonrise,Net 30,9800.0,8635.0,1165.0,Jonny 1%,OFA Biz Acct,PSA ACH #400484,86.35,8635.0,0.0,8721.35,Yes,Yes,Yes,Yes,No,,No
Live,2026-03-20,PO #00259,PSA,KGSP → KMOB,KA 90,,Exec Shuttle,Net 30,9250.0,7925.0,1325.0,Jonny 1%,OFA Biz Acct,PSA ACH #400328,79.25,7925.0,0.0,8004.25,Yes,Yes,Yes,Yes,No,,No
Live,2026-03-20,PO #00260,PSA,KORF → KPWM,TBM 950,,Contrail,Net 30,12400.0,11020.84,1379.16,Jonny 1%,OFA Biz Acct,PSA ACH #400328,110.21,11020.84,0.0,11131.05,Yes,Yes,Yes,Yes,No,,No
Live,2026-03-18,PO #00258,PSA,KORF → KPWM,C310,,Ace,Net 30,9700.0,8327.6,1372.4,Jonny 1%,OFA Biz Acct,PSA ACH #400328,83.28,8327.6,0.0,8410.88,Yes,Yes,Yes,Yes,No,,No
Live,2026-03-17,PO #00257,PSA,KCAK → KPWM,C310,,Miller,Net 30,9600.0,8355.0,1245.0,Jonny 1%,OFA Biz Acct,PSA ACH #400178,83.55,8355.0,0.0,8438.55,Yes,Yes,Yes,Yes,No,,No
Live,2026-03-16,PO #00256,PSA,KCAK → KPVD,C404,,Sonrise,Net 30,10600.0,9346.0,1254.0,Jonny 1%,OFA Biz Acct,PSA ACH #400178,93.46,9346.0,0.0,9439.46,Yes,Yes,Yes,Yes,No,,No
Live,2026-03-10,PO #00255,PSA,KCLT → KBTR,KA 200,,Axio,Net 30,16800.0,15719.0,1081.0,Jonny 1%,OFA Biz Acct,400038,157.19,15719.0,0.0,15876.19,Yes,Yes,Yes,Yes,No,,No
Live,2026-03-09,PO #00254,PSA,KGSP → KJAN,KA 90,,Exec Shuttle,Net 30,9800.0,8398.0,1402.0,Jonny 1%,OFA Biz Acct,400038,83.98,8398.0,0.0,8481.98,Yes,Yes,Yes,Yes,No,,No
Live,2026-03-08,PO #00253,PSA,KDAY → KPHL,C310,,Miller,Net 30,6900.0,5494.0,1406.0,Jonny 1%,OFA Biz Acct,399897,54.94,5494.0,0.0,5548.94,Yes,Yes,Yes,Yes,No,,No
Live,2026-03-07,PO #00251,PSA,KCAK → KBTV,Cheyenne,,Fed Air,Net 30,22000.0,20700.0,1300.0,Jonny 1%,OFA Biz Acct,399897,207.0,20700.0,0.0,20907.0,Yes,Yes,Yes,Yes,No,,No
Live,2026-03-07,PO #00252,PSA,KORF → KPHL,TBM,,Contrail,Net 30,9100.0,6885.23,2214.77,Jonny 1%,OFA Biz Acct,399897,68.85,6885.23,0.0,6954.08,Yes,Yes,Yes,Yes,No,,No
Live,2026-03-06,PO #00249,PSA,KCKB → KPHL,C310,,Air Z,Net 30,6100.0,4500.0,1600.0,Jonny 1%,OFA Biz Acct,399897,45.0,4500.0,0.0,4545.0,Yes,Yes,Yes,Yes,No,,No
Live,2026-03-06,PO #00250,PSA,KDAY → KDFW,C525,,Trans North,Net 30,18600.0,17015.63,1584.37,Jonny 1%,OFA Biz Acct,399897,170.16,17015.63,0.0,17185.79,Yes,Yes,Yes,Yes,No,,No
Live,2026-03-05,PO #00248,PSA,KCVG → KMSP,KA 90,,Exec Shuttle,Net 30,14500.0,13268.0,1232.0,Jonny 1%,OFA Biz Acct,399750,132.68,13268.0,0.0,13400.68,Yes,Yes,Yes,Yes,No,,No
Live,2026-03-03,PO #00247,PSA,KCAK → KXNA,C310,,Fed Air,Net 30,19800.0,18600.0,1200.0,Jonny 1%,OFA Biz Acct,399750,186.0,18600.0,0.0,18786.0,Yes,Yes,Yes,Yes,No,,No
Legacy,2026-03-02,PO #00246,PSA,KCLT → KCID,B200,,Axio,Net 30,24500.0,23000.0,1500.0,Jonny 1%,,Awaiting Client Payment,230.0,23000.0,23230.0,,No,No,No,Yes,No,,No
Legacy,2026-02-28,PO #00245,PSA,KCVG → KMSP,C404,,Sonrise,Net 30,9100.0,7674.24,1425.76,Jonny 1%,,Awaiting Client Payment,76.74,7674.24,7750.98,,No,No,No,Yes,No,,No
Legacy,2026-02-26,PO #00244,PSA,KGSP → KMHT,KA90,,Exec Shuttle,Net 30,13500.0,11968.0,1532.0,Jonny 1%,,Awaiting Client Payment,119.68,11968.0,12087.68,,No,No,No,Yes,No,,No
Legacy,2026-02-16,PO #00243,PSA,KCKB → KDFW,C310,,Air Z,Net 30,11000.0,10000.0,1000.0,Jonny 1%,,Awaiting Client Payment,100.0,10000.0,10100.0,,No,No,No,Yes,No,,No
Legacy,2026-02-11,PO #00242,PSA,KCLT → KHPN,KA90,,Exec Shuttle,Net 30,12100.0,10968.08,1131.92,Jonny 1%,OFA Bank (8071),# 398858,109.68,10968.08,,11077.76,Yes,Yes,No,Yes,No,,No
Legacy,2026-02-10,PO #00241,PSA,KDAY → KMKE,C404,,Sonrise,Net 30,6800.0,5347.0,1453.0,Jonny 1%,OFA Bank (8071),# 398756,53.47,5347.0,,5400.47,Yes,Yes,No,Yes,No,,No
Legacy,2026-02-09,PO #00240,PSA,KDAY → KMSP,C404,,Sonrise,Net 30,10100.0,9032.24,1067.76,Jonny 1%,OFA Bank (8071),# 398756,90.32,9032.24,,9122.56,Yes,Yes,No,Yes,No,,No
Legacy,2026-02-07,PO #00239,PSA,KCVG → KMHT,C404,,Sonrise,Net 30,9200.0,8267.41,932.59,Jonny 1%,OFA Bank (8071),# 398630,82.67,8267.41,,8350.08,Yes,Yes,No,Yes,Yes,,No
Legacy,2026-02-04,PO #00238,PSA,KDAY → KSYR,C310,,Sonrise,Net 30,6900.0,5600.0,1300.0,Jonny 1%,OFA Bank (8071),# 398630,56.0,5600.0,,5656.0,Yes,Yes,No,Yes,Yes,,No
Legacy,2026-01-22,PO #00237,PSA ,KCVG → KMSN,C310,,Miller,Net 30,6100.0,4500.0,1600.0,Jonny 1%,OFA Bank (8071),# 398021,45.0,4500.0,,4545.0,Yes,Yes,No,Yes,Yes,,No
Legacy,2026-01-20,PO #00236,PSA,KCAK → KPVD,C310,,Sonrise,Net 30,9100.0,7828.0,1272.0,Jonny 1%,OFA Bank (8071),# 398021,78.28,7828.0,,7906.28,Yes,Yes,No,Yes,Yes,,No
Legacy,2026-01-19,PO #00234,PSA,KPHL → KBGR,Barron,,Moyer,Net 30,7100.0,5479.36,1620.64,Jonny 1%,OFA Bank (8071),# 397882,54.79,5479.36,,5534.15,Yes,Yes,No,Yes,Yes,,No
Legacy,2026-01-19,PO #00235,PSA,KCAK → KHPN,C310,,Sonrise,Net 30,7250.0,6020.0,1230.0,Jonny 1%,OFA Bank (8071),# 397882,60.2,6020.0,,6080.2,Yes,Yes,No,Yes,Yes,,No
Legacy,2026-01-18,PO #00233,PSA,KCLT → KBGR,C90,,Executive Shuttle,Net 30,15750.0,13997.0,1753.0,Jonny 1%,OFA Bank (8071),# 397882,139.97,13997.0,,14136.97,Yes,Yes,No,Yes,Yes,,No
Legacy,2026-01-15,PO #00232,PSA,KCLT → KBHM,Barron,,Axio,Net 30,6000.0,4800.0,1200.0,Jonny 1%,OFA Bank (8071),# 397728,48.0,4800.0,,4848.0,Yes,Yes,No,Yes,Yes,,No
Legacy,2026-01-05,PO #00231,PSA,KDAY → KBGR,C310,,Air Z,Net 30,11900.0,10400.0,1500.0,Jonny 1%,OFA Bank (8071),# 397330,104.0,10400.0,,10504.0,Yes,Yes,No,Yes,Yes,,No
Legacy,2026-01-04,PO #00503,Manning Warren,TKPK → KSDF,C525,,Trans North,Paid on Recipt,65000.0,63724.5,1275.5,OFA,OFA Bank (8071),ID #268398,,,,,Yes,Yes,No,Yes,Yes,,No
Legacy,2026-01-01,PO #00230,PSA,KCLT → KHSV,KA 200,,Marco,Net 30,12500.0,11200.0,1300.0,Jonny 1%,OFA Bank (8071),# 397330,112.0,11200.0,,11312.0,Yes,Yes,No,Yes,Yes,,No
Legacy,2025-12-31,PO #00229,PSA ,KGSP → KLFT,KA 200,,Axio,Net 30,14500.0,13433.0,1067.0,Jonny 1%,OFA Bank (8071),# 397330,134.33,13433.0,,13567.33,Yes,Yes,No,Yes,Yes,,No
Legacy,2025-12-26,PO #00228,PSA,KORF → KMSP,Phenom,,Axio,Net 30,25800.0,24851.0,949.0,Jonny 1%,OFA Bank (8071),# 397330,248.51,24851.0,,25099.51,Yes,Yes,No,Yes,Yes,,No
Legacy,2025-12-24,PO #00227,PSA,KCAK → KBGR,C310,,Sonrise,Net 30,11775.0,10275.0,1500.0,Jonny 1%,OFA Bank (8071),# 397330,102.75,10275.0,,10377.75,Yes,Yes,No,Yes,Yes,,No
Legacy,2025-12-23,PO # 00502,Endeavor Air,KSEA → KATL,FA20,,Royal,Net 30,48000.0,47209.67,790.33,OFA,OFA Bank (8071),ID #60120200,,,,,Yes,Yes,No,Yes,Yes,,No
Legacy,2025-12-23,PO #00226,PSA,KORF → KPVD,C310,,Sonrise,Net 30,10450.0,9310.0,1140.0,Jonny 1%,OFA Bank (8071),# 397330,93.1,9310.0,,9403.1,Yes,Yes,No,Yes,Yes,,No
Legacy,2025-12-23,PO #00225,PSA,KDAY → KALB,C310,,Air Z,Net 30,8100.0,7000.0,1100.0,Jonny 1%,OFA Bank (8071),# 396878,70.0,7000.0,,7070.0,Yes,Yes,No,Yes,Yes,,No
Legacy,2025-12-22,PO #00501,Endeavor Air,KBFI → KJFK,FA20,,Ameristar,Net 30,32000.0,29580.0,2420.0,Jonny 1%,OFA Bank (8071),# 9131026026,295.8,29580.0,,29875.8,Yes,Yes,No,Yes,Yes,,No
Legacy,2025-12-19,PO #00224,PSA,KDAY → KBTV,C310,,Air Z,Net 30,9900.0,8850.0,1050.0,Jonny 1%,OFA Bank (8071),# 396878,88.5,8850.0,,8938.5,Yes,Yes,No,Yes,Yes,,No
Legacy,2025-12-17,PO #00223,PSA,KCVG → KGPT,C310,,Air Z,Net 30,9900.0,8750.0,1150.0,Jonny 1%,OFA Bank (8071),# 396706,87.5,8750.0,,8837.5,Yes,Yes,No,Yes,Yes,,No
Legacy,2025-12-12,PO #00222,PSA,KCAK → KMKE,C310,,Sonrise,Net 30,7250.0,4629.74,2620.26,Jonny 1%,OFA Bank (8071),# 396340,46.3,4629.74,,4676.04,Yes,Yes,No,Yes,Yes,,No
Legacy,2025-12-10,PO #00220,PSA,KCVG → KPNS,C310,,Sonrise,Net 30,8500.0,7300.0,1200.0,Jonny 1%,OFA Bank (8071),# 396540,73.0,7300.0,,7373.0,Yes,Yes,No,Yes,Yes,,No
Legacy,2025-12-10,PO #00221,PSA,KORF → KBTV,C310,,Sonrise,Net 30,9900.0,8828.6,1071.4,Jonny 1%,OFA Bank (8071),# 396540,88.29,8828.6,,8916.89,Yes,Yes,No,Yes,Yes,,No
Legacy,2025-12-09,PO #00219,PSA ,KCVG → KORD,C310,,Sonrise,Net 30,6000.0,4744.98,1255.02,Jonny 1%,OFA Bank (8071),# 396340,47.45,4744.98,,4792.43,Yes,Yes,No,Yes,Yes,,No
Legacy,2025-12-05,PO #00218,PSA,KCVG → KXNA,C310,,Miller,Net 30,7200.0,5900.0,1300.0,Jonny 1%,OFA Bank (8071),# 396161,59.0,5900.0,,5959.0,Yes,Yes,No,Yes,Yes,,No
Legacy,2025-12-04,PO #00217,PSA,KCLT → KORD,B200,,Axio,Net 30,16500.0,15362.0,1138.0,Jonny 1%,OFA Bank (8071),# 396161,153.62,15362.0,,15515.62,Yes,Yes,No,Yes,Yes,,No
Legacy,2025-12-04,PO #00216,PSA,KCAK → KBTV,C310,,Air Z,Net 30,6500.0,5150.0,1350.0,Jonny 1%,OFA Bank (8071),# 396161,51.5,5150.0,,5201.5,Yes,Yes,No,Yes,Yes,,No
Legacy,2025-12-03,PO #00215,PSA,KCVG → CYUL,CJ,,Tran North,Net 30,27000.0,25055.65,1944.35,Jonny 1%,OFA Bank (8071),# 396161,250.56,25055.65,,25306.21,Yes,Yes,No,Yes,Yes,,No
Legacy,2025-12-01,PO #00214,PSA,KGSP → KHSV,B58,,Axio,Net 30,6100.0,3960.0,2140.0,Jonny 1%,OFA Bank (8071),# 396161,39.6,3960.0,,3999.6,Yes,Yes,No,Yes,Yes,,No
Legacy,2025-11-30,PO #00213,PSA,KCLT → KSGF,B58,,Axio,Net 30,8600.0,7450.0,1150.0,Jonny 1%,OFA Bank (8071),# 396161,74.5,7450.0,,7524.5,Yes,Yes,No,Yes,Yes,,No
Legacy,2025-11-30,PO #00212,PSA,KCVG → KSGF,C340,,Air Z,Net 30,10500.0,9400.0,1100.0,Jonny 1%,OFA Bank (8071),# 396161,94.0,9400.0,,9494.0,Yes,Yes,No,Yes,Yes,,No
Legacy,2025-11-29,PO #00210,PSA,KGSP → KHSV,Baron,,Axio,Net 30,6000.0,3740.0,2260.0,Jonny 1%,OFA Bank (8071),# 395940,37.4,3740.0,,3777.4,Yes,Yes,No,Yes,Yes,,No
Legacy,2025-11-29,PO #00211,PSA,KCLT → KDFW,King Air 90,,Exec Shuttle,Net 30,14700.0,13539.44,1160.56,Jonny 1%,OFA Bank (8071),# 395940,135.39,13539.44,,13674.83,Yes,Yes,No,Yes,Yes,,No
Legacy,2025-11-28,PO #00209,PSA,KCKB → KHSV,Saratoga,,Air Z,Net 30,6000.0,4800.0,1200.0,Jonny 1%,OFA Bank (8071),# 395940,48.0,4800.0,,4848.0,Yes,Yes,No,Yes,Yes,,No
Legacy,2025-11-27,PO #00208,PSA,KCVG → KMSP,Cheyenne,,Fed Air (Mario),Net 30,17500.0,16500.0,1000.0,Jonny 1%,OFA Bank (8071),# 395940,165.0,16500.0,,16665.0,Yes,Yes,No,Yes,Yes,,No
Legacy,2025-11-26,PO # 00207,PSA,KCVG → KGRR,C310,,Sonrise,Net 30,5000.0,4150.0,850.0,Jonny 1%,OFA Bank (8071),# 395940,41.5,4150.0,,4191.5,Yes,Yes,No,Yes,Yes,,No
Legacy,2025-11-25,PO # 00206,PSA,KGSP → KHSV,Baron,,Axio,Net 30,6100.0,4800.0,1300.0,Jonny 1%,OFA Bank (8071),# 395940,48.0,4800.0,,4848.0,Yes,Yes,No,Yes,Yes,,No
Legacy,2025-11-23,PO # 00205,PSA,KDAY → KMSN,C310,,Miller,Net 30,6000.0,4600.0,1400.0,Jonny 1%,OFA Bank (8071),# 395940,46.0,4600.0,,4646.0,Yes,Yes,No,Yes,Yes,,No
Legacy,2025-11-16,PO #01049,Kalitta,KOSC → KSAT,DC-9,,Ameristar,Net 30,58000.0,55360.0,2640.0,Jonny 1%,OFA Bank (8071),#238972,553.6,55360.0,,55913.6,Yes,Yes,No,Yes,Yes,,No
Legacy,2025-11-12,PO #00203,PSA,KCAK → KMHT,C340,,Air Z,Net 30,8800.0,7500.0,1300.0,Jonny 1%,OFA Bank (8071),# 395236,75.0,7500.0,,7575.0,Yes,Yes,No,Yes,Yes,,No
Legacy,2025-11-12,PO #00202,PSA,KGSP → KBTV,King Air 90,,Executive Shuttle,Net 30,13200.0,12023.53,1176.47,Jonny 1%,OFA Bank (8071),# 395236,120.24,12023.53,,12143.77,Yes,Yes,No,Yes,Yes,,No
Legacy,2025-11-12,PO #00204,PSA,KCVG → KBTV,Cheyenne,,Fed Air (Mario),Net 30,17100.0,16500.0,600.0,Jonny 1%,OFA Bank (8071),# 395236,165.0,16500.0,,16665.0,Yes,Yes,No,Yes,Yes,,No
Legacy,2025-11-11,PO #00201,PSA,KCLT → KHPN,Baron 58,,Axio,Net 30,9800.0,8944.0,856.0,Jonny 1%,OFA Bank (8071),# 395236,89.44,8944.0,,9033.44,Yes,Yes,No,Yes,Yes,,No
Legacy,2025-11-10,PO #00199,PSA,KORF → KHPN,Baron,,Vertivue,Net 30,8400.0,6689.85,1710.15,Jonny 1%,OFA Bank (8071),# 395099,66.9,6689.85,,6756.75,Yes,Yes,No,Yes,Yes,,No
Legacy,2025-11-10,PO #00200,PSA ,KCAK → KXNA,Cheyenne,,Fed Air (Mario),Net 30,17200.0,16500.0,700.0,Jonny 1%,OFA Bank (8071),# 395099,165.0,16500.0,,16665.0,Yes,Yes,No,Yes,Yes,,No
Legacy,2025-11-10,PO #00198,PSA,KCVG → KMHT,C310,,Sonrise,Net 30,9100.0,7918.0,1182.0,Jonny 1%,OFA Bank (8071),# 395099,79.18,7918.0,,7997.18,Yes,Yes,No,Yes,Yes,,No
Legacy,2025-11-09,PO #00196,PSA,KCAK → KBTV,C340,,Air Z,Net 30,7000.0,5500.0,1500.0,Jonny 1%,OFA Bank (8071),# 395099,55.0,5500.0,,5555.0,Yes,Yes,No,Yes,Yes,,No
Legacy,2025-11-09,PO #00197,PSA,KGSP → KMHT,Barron,,Axio,Net 30,12000.0,10834.0,1166.0,Jonny 1%,OFA Bank (8071),# 395099,108.34,10834.0,,10942.34,Yes,Yes,No,Yes,Yes,,No
Legacy,2025-11-07,PO #00195,PSA,KCLT → KMGM,KA 200,,Axio,Net 30,12100.0,10775.0,1325.0,Jonny 1%,OFA Bank (8071),# 394932,107.75,10775.0,,10882.75,Yes,Yes,No,Yes,Yes,,No
Legacy,2025-11-04,PO # 00194,PSA,KCKB → KMKE,C310,,Miller,Net 30,6500.0,5074.74,1425.26,Jonny 1%,OFA Bank (8071),# 394778,50.75,5074.74,,5125.49,Yes,Yes,No,Yes,Yes,,No
Legacy,2025-11-03,PO # 00193,PSA,KCAK → KOMA,C310,,Miller,Net 30,8750.0,7158.0,1592.0,Jonny 1%,OFA Bank (8071),# 394778,71.58,7158.0,,7229.58,Yes,Yes,No,Yes,Yes,,No
Legacy,2025-10-30,PO #00192,PSA,KCVG → KDSM,C310,,Sonrise,Net 30,,750.0,-750.0,OFA,OFA Bank (8071),Void,,,,,Yes,Yes,No,Yes,Yes,,No
Legacy,2025-10-27,PO #00191,PSA,KCVG → KOMA-KDAY,C310,,Miller,Net 30,8500.0,7018.35,1481.65,Jonny 1%,OFA Bank (8071),# 394614,70.18,7018.35,,7088.53,Yes,Yes,No,Yes,Yes,,No
Legacy,2025-10-25,PO #00190,PSA,KCLT → KICT,C90,,Executive shuttle,Net 30,14700.0,13642.48,1057.52,Jonny 1%,OFA Bank (8071),# 394614,136.42,13642.48,,13778.9,Yes,Yes,No,Yes,Yes,,No
Legacy,2025-10-22,PO #00188,PSA,KCAK → KORD,C310,,Sonrise,Net 30,6100.0,4394.98,1705.02,Jonny 1%,OFA Bank (8071),# 394457,43.95,4394.98,,4438.93,Yes,Yes,No,Yes,Yes,,No
Legacy,2025-10-22,PO #00189,PSA,KTYS → KORD,C310,,Sonrise,Net 30,6900.0,5718.49,1181.51,Jonny 1%,OFA Bank (8071),# 394457,57.18,5718.49,,5775.67,Yes,Yes,No,Yes,Yes,,No
Legacy,2025-10-18,PO # 00185,PSA,KORF → KOMA,TBM,,Contrail,Net 30,19000.0,17900.0,1100.0,Jonny 1%,OFA Bank (8071),# 394217,179.0,17900.0,,18079.0,Yes,Yes,No,Yes,Yes,,No
Legacy,2025-10-18,PO # 00186,PSA,KCLT → KBGR,KA 200,,Axio,Net 30,23325.0,20006.0,3319.0,Jonny 1%,OFA Bank (8071),# 394328,200.06,20006.0,,20206.06,Yes,Yes,No,Yes,Yes,,No
Legacy,2025-10-17,PO # 00184,PSA,KORF → KHPN,DA42,,Contrail,Net 30,8000.0,6938.0,1062.0,Jonny 1%,OFA Bank (8071),# 394217,69.38,6938.0,,7007.38,Yes,Yes,No,Yes,Yes,,No
Legacy,2025-10-14,PO # 00183,PSA,KCAK → KOMA,C310,,Sonrise,Net 30,8800.0,7460.0,1340.0,Jonny 1%,OFA Bank (8071),# 394217,74.6,7460.0,,7534.6,Yes,Yes,No,Yes,Yes,,No
Legacy,2025-10-13,PO # 00182,PSA,KCAK → KOMA,Aerostar,,Castle,Net 30,8800.0,7470.0,1330.0,Jonny 1%,OFA Bank (8071),# 394217,74.7,7470.0,,7544.7,Yes,Yes,No,Yes,Yes,,No
Legacy,2025-09-30,PO # 00181,PSA,KORF → KDFW,C90,,Executive Shuttle,Net 30,16250.0,14937.83,1312.17,Jonny 1%,OFA Bank (8071),# 393504,149.38,14937.83,,15087.21,Yes,Yes,No,Yes,Yes,,No
Legacy,2025-09-24,PO # 00180,PSA,KCAK → KHPN,C310,,Air Z,Net 30,6750.0,5000.0,1750.0,Jonny 1%,OFA Bank (8071),# 393504,50.0,5000.0,,5050.0,Yes,Yes,No,Yes,Yes,,No
Legacy,2025-09-16,PO # 00179,PSA,KCAK → KOLD,C340,,Air Z,Net 30,8200.0,7000.0,1200.0,Jonny 1%,OFA Bank (8071),# 392923,70.0,7000.0,,7070.0,Yes,Yes,No,Yes,Yes,,No
Legacy,2025-09-07,PO # 00178,PSA,KDAY → KMLI,C310,,Sonrise,Net 30,5400.0,4240.0,1160.0,Jonny 1%,OFA Bank (8071),#392647,42.4,4240.0,,4282.4,Yes,Yes,No,Yes,Yes,,No
Legacy,2025-09-03,PO #00177,PO ENTER IN ERROR,,,,N/A - PRACTICE w/HEWITT,,,,,OFA,OFA Bank (8071),N/A,,,,,Yes,Yes,No,Yes,Yes,,No
Legacy,2025-08-30,PO # 00176,PSA,KCAK → KGSP,C310,,Air Z,Net 30,7000.0,5500.0,1500.0,Jonny 1%,OFA Bank (8071),# 392406,55.0,5500.0,,5555.0,Yes,Yes,No,Yes,Yes,,No
Legacy,2025-08-29,PO # 00175,PSA,KGSP → KMLI,B58,,Axio,Net 30,8200.0,6834.0,1366.0,Jonny 1%,OFA Bank (8071),# 392285,68.34,6834.0,,6902.34,Yes,Yes,No,Yes,Yes,,No
Legacy,2025-08-28,PO #00174,PSA,KCVG → KALB,C310,,Miller Aviation,Net 30,7700.0,6632.78,1067.22,Jonny 1%,OFA Bank (8071),# 392285,66.33,6632.78,,6699.11,Yes,Yes,No,Yes,Yes,,No
Legacy,2025-08-27,PO #00172,PSA,KCAK → KMLI,C310,,Air Z,Net 30,8000.0,6750.0,1250.0,Jonny 1%,OFA Bank (8071),# 392285,67.5,6750.0,,6817.5,Yes,Yes,No,Yes,Yes,,No
Legacy,2025-08-27,PO #00173,PSA,KCAK → KMPV,C310,,Air Z,Net 30,6600.0,5250.0,1350.0,Jonny 1%,OFA Bank (8071),# 392285,52.5,5250.0,,5302.5,Yes,Yes,No,Yes,Yes,,No
Legacy,2025-08-26,PO #00170,PSA,KDFW → KHRL,CJ3,,ENG Aviation,Net 30,16600.0,14113.0,2487.0,Jonny 1%,OFA Bank (8071),# 392285,141.13,14113.0,,14254.13,Yes,Yes,No,Yes,Yes,,No
Legacy,2025-08-26,PO #00171,PSA,KCLT → KECP,Baron 58,,Axio,Net 30,6200.0,4924.5,1275.5,Jonny 1%,OFA Bank (8071),# 392285,49.25,4924.5,,4973.75,Yes,Yes,No,Yes,Yes,,No
Legacy,2025-08-25,PO #00169,PSA,KCVG → KICT,C310,,Air Z,Net 30,10200.0,9000.0,1200.0,Jonny 1%,OFA Bank (8071),# 392123,90.0,9000.0,,9090.0,Yes,Yes,No,Yes,Yes,,No
Legacy,2025-08-24,PO #00168,PSA,KGSP → KLFT,B58,,Axio,Net 30,9000.0,7485.5,1514.5,Jonny 1%,OFA Bank (8071),# 392123,74.86,7485.5,,7560.36,Yes,Yes,No,Yes,Yes,,No
Legacy,2025-08-20,PO #00167,PSA,KCLT → KICT,C310,,Miller Aviation,Net 30,11500.0,10400.0,1100.0,Jonny 1%,OFA Bank (8071),# 391954,104.0,10400.0,,10504.0,Yes,Yes,No,Yes,Yes,,No
Legacy,2025-08-20,PO #00166,PSA,KDAY → KTYS,C404,,Sonrise,Net 30,5600.0,4148.0,1452.0,Jonny 1%,OFA Bank (8071),# 391954,41.48,4148.0,,4189.48,Yes,Yes,No,Yes,Yes,,No
Legacy,2025-08-18,PO #00165,PSA,KGSP → KBUF,B58,,Axio,Net 30,8200.0,6900.0,1300.0,Jonny 1%,OFA Bank (8071),# 391764,69.0,6900.0,,6969.0,Yes,Yes,No,Yes,Yes,,No
Legacy,2025-08-16,PO #00164,PSA,KSAV → KSGF,C90,,Lowe,Net 30,13500.0,12050.4,1449.6,OFA,OFA Bank (8071),# 391764,,,,,Yes,Yes,No,Yes,Yes,,No
Legacy,2025-08-15,PO #00162,PSA,KGSP → KORD,C310,,Sonrise,Net 30,8000.0,7898.25,101.75,Jonny 1%,OFA Bank (8071),# 391764,78.98,7898.25,,7977.23,Yes,Yes,No,Yes,Yes,,No
Legacy,2025-08-15,PO #00161,PSA,KCLT → KSGF,C90,,Executive Shuttle,Net 30,12500.0,10995.0,1505.0,Jonny 1%,OFA Bank (8071),# 391764,109.95,10995.0,,11104.95,Yes,Yes,No,Yes,Yes,,No
Legacy,2025-08-15,PO #00163,PSA,KORF → KDTW,C404,,Sonrise,Net 30,10500.0,8126.76,2373.24,Jonny 1%,OFA Bank (8071),# 391764,81.27,8126.76,,8208.03,Yes,Yes,No,Yes,Yes,,No
Legacy,2025-08-14,PO # 00160,PSA,KCAK → KORD,C310,,Air Z,Net 30,6000.0,4200.0,1800.0,Jonny 1%,OFA Bank (8071),# 391764,42.0,4200.0,,4242.0,Yes,Yes,No,Yes,Yes,,No
Legacy,2025-08-14,PO # 00159,PSA,KCLT → KMGM,Baron 58,,Axio,Net 30,5700.0,4200.0,1500.0,Jonny 1%,OFA Bank (8071),# 391764,42.0,4200.0,,4242.0,Yes,Yes,No,Yes,Yes,,No
Legacy,2025-08-13,PO # 00158,PSA,KCAK → CYUL,King Air 200,,Axio,Net 30,21950.0,19681.2,2268.8,Jonny 1%,OFA Bank (8071),# 391764,196.81,19681.2,,19878.01,Yes,Yes,No,Yes,Yes,,No
Legacy,2025-08-09,PO #00156,PSA,KORF → KHPN,Cheyenne,,Contrail,Net 30,9000.0,7900.0,1100.0,Jonny 1%,OFA Bank (8071),# 391590,79.0,7900.0,,7979.0,Yes,Yes,No,Yes,Yes,,No
Legacy,2025-08-09,PO #00157,PSA,KGSP → KCVG,,,Axio,Net 30,5500.0,3900.0,1600.0,Jonny 1%,OFA Bank (8071),# 391590,39.0,3900.0,,3939.0,Yes,Yes,No,Yes,Yes,,No
Legacy,2025-08-08,PO #00155,PSA,KCKB → KDFW,C90,,Executive Shuttle,Net 30,15750.0,14513.75,1236.25,Jonny 1%,OFA Bank (8071),# 391590,145.14,14513.75,,14658.89,Yes,Yes,No,Yes,Yes,,No
Legacy,2025-08-07,PO #SK080702,Piedmont,KROA → KFWA,C310,,Sonrise,Net 30,10000.0,9000.0,1000.0,Jonny 1%,OFA Bank (8071),# 0000898583,90.0,9000.0,,9090.0,Yes,Yes,No,Yes,Yes,,No
Legacy,2025-08-07,PO #CS080706,Piedmont,KROA → KBTR,C404,,Sonrise,Net 30,12600.0,12041.75,558.25,Jonny 1%,OFA Bank (8071),# 0000898583,120.42,12041.75,,12162.17,Yes,Yes,No,Yes,Yes,,No
Legacy,2025-08-06,PO # 00154,PSA,KCAK → KDFW,C310,,Air Z,Net 30,10500.0,9300.0,1200.0,Jonny 1%,OFA Bank (8071),# 391431,93.0,9300.0,,9393.0,Yes,Yes,No,Yes,Yes,,No
Legacy,2025-07-31,PO #00153,PSA,KCLT → KHPN,B200,,Low Country Aviation,Net 30,16750.0,15500.0,1250.0,Jonny 1%,OFA Bank (8071),# 391231,155.0,15500.0,,15655.0,Yes,Yes,No,Yes,Yes,,No
Legacy,2025-07-31,PO #00151,PSA,KCAK → KMHT,C310,,Air Z,Net 30,7250.0,6000.0,1250.0,Jonny 1%,OFA Bank (8071),# 391231,60.0,6000.0,,6060.0,Yes,Yes,No,Yes,Yes,,No
Legacy,2025-07-31,PO #00152,PSA,KORF → KPVD,Navajo,,Moyer,Net 30,8900.0,7427.0,1473.0,Jonny 1%,OFA Bank (8071),# 391231,74.27,7427.0,,7501.27,Yes,Yes,No,Yes,Yes,,No
Legacy,2025-07-29,PO # 00150,PSA,KCAK → KPBI,,,Executive Shuttle,Net 30,15900.0,14414.33,1485.67,Jonny 1%,OFA Bank (8071),# 391095,144.14,14414.33,,14558.47,Yes,Yes,No,Yes,Yes,,No
Legacy,2025-07-29,PO #00149,PSA,KCVG → KDFW,C310,,Sonrise,Net 30,9850.0,8638.9,1211.1,Jonny 1%,OFA Bank (8071),# 391095,86.39,8638.9,,8725.29,Yes,Yes,No,Yes,Yes,,No
Legacy,2025-07-27,PO #00147,PSA,KDAY → KMSP,404,,Sonrise,Net 30,9500.0,7790.63,1709.37,Jonny 1%,OFA Bank (8071),# 391095,77.91,7790.63,,7868.54,Yes,Yes,No,Yes,Yes,,No
Legacy,2025-07-27,PO #00146,PSA,KCLT → KPBI,King Air 200,,Axio,Net 30,15200.0,14148.41,1051.59,Jonny 1%,OFA Bank (8071),# 391095,141.48,14148.41,,14289.89,Yes,Yes,No,Yes,Yes,,No
Legacy,2025-07-27,PO #00148,PSA,KORF → KBTV,Barron,,Moyer,Net 30,8800.0,6749.0,2051.0,Jonny 1%,OFA Bank (8071),# 391095,67.49,6749.0,,6816.49,Yes,Yes,No,Yes,Yes,,No
Legacy,2025-07-26,PO #00144,PSA,KCLT → KMSY,King Air 90,,Augusta,Net 30,17800.0,16130.03,1669.97,Jonny 1%,OFA Bank (8071),# 391095,161.3,16130.03,,16291.33,Yes,Yes,No,Yes,Yes,,No
Legacy,2025-07-26,PO #00145,PSA,KDAY → KORD,C310,,Sonrise,Net 30,5250.0,4680.49,569.51,Jonny 1%,OFA Bank (8071),# 391095,46.8,4680.49,,4727.29,Yes,Yes,No,Yes,Yes,,No
Legacy,2025-07-25,PO # 00141,PSA,KCAK → KORD,Aerostar,,Castle,Net 30,5600.0,4569.01,1030.99,Jonny 1%,OFA Bank (8071),# 391095,45.69,4569.01,,4614.7,Yes,Yes,No,Yes,Yes,,No
Legacy,2025-07-25,PO #00143,PSA,KPHL → KDAY,,,Moyer,Net 30,10700.0,9573.61,1126.39,Jonny 1%,OFA Bank (8071),# 391095,95.74,9573.61,,9669.35,Yes,Yes,No,Yes,Yes,,No
Legacy,2025-07-25,PO # 00140,PSA,KCVG → KSTL,C310,,Sonrise,Net 30,5500.0,4533.0,967.0,Jonny 1%,OFA Bank (8071),# 391095,45.33,4533.0,,4578.33,Yes,Yes,No,Yes,Yes,,No
Legacy,2025-07-25,PO #00142,PSA,KCVG → KBTR,404,,Sonrise,Net 30,12040.0,10368.75,1671.25,Jonny 1%,OFA Bank (8071),# 391095,103.69,10368.75,,10472.44,Yes,Yes,No,Yes,Yes,,No
Legacy,2025-07-20,PO # 00139,PSA,KGSP → KMCI,B58,,Axio,Net 30,8650.0,7200.0,1450.0,Jonny 1%,OFA Bank (8071),# 390771,72.0,7200.0,,7272.0,Yes,Yes,No,Yes,Yes,,No
Legacy,2025-07-17,PO # 01048,Kalitta,PHX → LAX,CJ2,,Diamond Aviation,Net 30,14000.0,13000.0,1000.0,Jonny 1%,OFA Bank (8071),# 236951,130.0,13000.0,,13130.0,Yes,Yes,No,Yes,Yes,,No
Legacy,2025-07-15,PO #00138,PSA,KSAV → KRIC,C90,,Executive Shuttle,Net 30,9850.0,8323.0,1527.0,Jonny 1%,OFA Bank (8071),# 390327,83.23,8323.0,,8406.23,Yes,Yes,No,Yes,Yes,,No
Legacy,2025-07-11,PO #00137,PSA,KGSP → KMGM,,,Axio,Net 30,4500.0,3210.0,1290.0,Jonny 1%,OFA Bank (8071),# 390327,32.1,3210.0,,3242.1,Yes,Yes,No,Yes,Yes,,No
Legacy,2025-07-09,PO #00136,PSA,KCAK/KCVG → KMGM,C310,,Air Z,Net 30,8200.0,7000.0,1200.0,Jonny 1%,OFA Bank (8071),# 390327,70.0,7000.0,,7070.0,Yes,Yes,No,Yes,Yes,,No
Legacy,2025-07-08,PO #00135,PSA,KDAY → KDTS,C310,,Sonrise,Net 30,8650.0,7468.0,1182.0,Jonny 1%,OFA Bank (8071),# 390327,74.68,7468.0,,7542.68,Yes,Yes,No,Yes,Yes,,No
Legacy,2025-07-08,PO #00134,PSA,KCAK → KSGF,C310,,Air Z,Net 30,8250.0,7000.0,1250.0,Jonny 1%,OFA Bank (8071),# 390327,70.0,7000.0,,7070.0,Yes,Yes,No,Yes,Yes,,No
Legacy,2025-07-05,PO # 00133,PSA,KCLT → KMCI,B58,,Axio,Net 30,11500.0,9932.75,1567.25,Jonny 1%,OFA Bank (8071),# 390185,99.33,9932.75,,10032.08,Yes,Yes,No,Yes,Yes,,No
Legacy,2025-06-30,PO # 00132,PSA,KCLT → KORD,B58,,Axio,Net 30,8600.0,7000.0,1600.0,Jonny 1%,OFA Bank (8071),# 389894,70.0,7000.0,,7070.0,Yes,Yes,No,Yes,Yes,,No
Legacy,2025-06-27,PO # 00130,PSA,KDAY → KSYR,C310,,Miller,Net 30,6800.0,5306.0,1494.0,Jonny 1%,OFA Bank (8071),# 389711,53.06,5306.0,,5359.06,Yes,Yes,No,Yes,Yes,,No
Legacy,2025-06-27,PO #00131,PSA,KGSP → KAVP,Barron,,Axio,Net 30,7000.0,5310.0,1690.0,Jonny 1%,OFA Bank (8071),# 389711,53.1,5310.0,,5363.1,Yes,Yes,No,Yes,Yes,,No
Legacy,2025-06-26,PO #00127,PSA,KCAK → KMHT,Barron,,Axio,Net 30,6800.0,5628.0,1172.0,Jonny 1%,OFA Bank (8071),# 389711,56.28,5628.0,,5684.28,Yes,Yes,No,Yes,Yes,,No
Legacy,2025-06-26,PO #00128,PSA,KCVG → KBGR,C310,,Sonrise,Net 30,10850.0,9865.0,985.0,Jonny 1%,OFA Bank (8071),# 389711,98.65,9865.0,,9963.65,Yes,Yes,No,Yes,Yes,,No
Legacy,2025-06-26,PO #00129,PSA,KCAK → KMHT,C310,,Air Z,Net 30,6800.0,5500.0,1300.0,Jonny 1%,OFA Bank (8071),# 389711,55.0,5500.0,,5555.0,Yes,Yes,No,Yes,Yes,,No
Legacy,2025-06-23,PO #00126,PSA,KCLT → KMHT,Barron,,Axio,Net 30,9800.0,8341.5,1458.5,Jonny 1%,OFA Bank (8071),# 389560,83.42,8341.5,,8424.92,Yes,Yes,No,Yes,Yes,,No
Legacy,2025-06-23,PO #00125,PSA,KCLT → KMHT,King Air 90,,Exec Shuttle,Net 30,13600.0,12998.55,601.45,Jonny 1%,OFA Bank (8071),# 389560,129.99,12998.55,,13128.54,Yes,Yes,No,Yes,Yes,,No
Legacy,2025-06-22,PO #00124,PSA,KORF → KALB,Chyenne,,Contrail,Net 30,9800.0,9314.62,485.38,Jonny 1%,OFA Bank (8071),# 389560,93.15,9314.62,,9407.77,Yes,Yes,No,Yes,Yes,,No
Legacy,2025-06-20,PO #00123,PSA,KCLT → KPVD,King Air 90,,Exec Shuttle,Net 30,12575.0,11275.0,1300.0,Jonny 1%,OFA Bank (8071),# 389560,112.75,11275.0,,11387.75,Yes,Yes,No,Yes,Yes,,No
Legacy,2025-06-20,PO #00121,PSA,KCKB → KPHL,C310,,Sonrise,Net 30,6500.0,5488.8,1011.2,Jonny 1%,OFA Bank (8071),# 389560,54.89,5488.8,,5543.69,Yes,Yes,No,Yes,Yes,,No
Legacy,2025-06-20,PO #00122,PSA,KCAK → KBTR,C310,,Air Z,Net 30,8500.0,7100.0,1400.0,Jonny 1%,OFA Bank (8071),# 389560,71.0,7100.0,,7171.0,Yes,Yes,No,Yes,Yes,,No
Legacy,2025-06-15,PO #00120,PSA,KCKB → KCAK,,,Air Z,Net 30,4000.0,2500.0,1500.0,Jonny 1%,OFA Bank (8071),# 389318,25.0,2500.0,,2525.0,Yes,Yes,No,Yes,Yes,,No
Legacy,2025-06-14,PO # 00119,PSA,KCLT → KALB,Barron,,Axio,Net 30,8500.0,7076.25,1423.75,Jonny 1%,OFA Bank (8071),# 390185,70.76,7076.25,,7147.01,Yes,Yes,No,Yes,Yes,,No
Legacy,2025-06-10,PO # 00118,PSA,KGSP → KBTV,C90,,Executive Shuttle,Net 30,13000.0,11935.3,1064.7,Jonny 1%,OFA Bank (8071),# 389182,119.35,11935.3,,12054.65,Yes,Yes,No,Yes,Yes,,No
Legacy,2025-06-09,PO #00117,PSA,KCAK → KTYS,C310,,Miller,Net 30,6000.0,4800.0,1200.0,Jonny 1%,OFA Bank (8071),# 389110,48.0,4800.0,,4848.0,Yes,Yes,No,Yes,Yes,,No
Legacy,2025-06-08,PO #00116,PSA ,KCVG → KMCI,C310,,Sonrise,Net 30,8200.0,7208.0,992.0,Jonny 1%,OFA Bank (8071),# 389447,72.08,7208.0,,7280.08,Yes,Yes,No,Yes,Yes,,No
Legacy,2025-06-06,PO #00114,PSA,KCVG → KMCI,C310,,Miller,Net 30,6950.0,5508.0,1442.0,Jonny 1%,OFA Bank (8071),# 388987,55.08,5508.0,,5563.08,Yes,Yes,No,Yes,Yes,,No
Legacy,2025-06-06,PO #00115,PSA,KCAK → KMHT,C310,,Sonrise,Net 30,8900.0,8548.0,352.0,Jonny 1%,OFA Bank (8071),# 389447,85.48,8548.0,,8633.48,Yes,Yes,No,Yes,Yes,,No
Legacy,2025-06-05,PO #00113,PSA,KGSP → KMCI,B58,,Axio,Net 30,8100.0,6937.5,1162.5,Jonny 1%,OFA Bank (8071),# 388859,69.38,6937.5,,7006.88,Yes,Yes,No,Yes,Yes,,No
Legacy,2025-06-04,PO #00112,PSA,KDFW → KLIT,,,GTA,Net 31,,900.0,-900.0,Jonny 1%,OFA Bank (8071),No Money,9.0,900.0,,909.0,Yes,Yes,No,Yes,Yes,,No
Legacy,2025-06-01,PO #00111,PSA,KCAK → KHSV,C310,,Air Z,Net 30,6700.0,5700.0,1000.0,Jonny 1%,OFA Bank (8071),# 388859,57.0,5700.0,,5757.0,Yes,Yes,No,Yes,Yes,,No
Legacy,2025-05-29,PO #00110,PSA,KCAK → KSGF,C310,,Air Z,Net 30,8900.0,7900.0,1000.0,Jonny 1%,OFA Bank (8071),# 388694,79.0,7900.0,,7979.0,Yes,Yes,No,Yes,Yes,,No
Legacy,2025-05-27,PO #00109,PSA,KCKB → KDFW,C310,,Sonrise,Net 30,11900.0,10853.9,1046.1,Jonny 1%,OFA Bank (8071),# 388694,108.54,10853.9,,10962.44,Yes,Yes,No,Yes,Yes,,No
Legacy,2025-05-26,PO #00108,PSA,KCAK → KPIA,C310,,Air Z,Net 30,6500.0,5500.0,1000.0,Jonny 1%,OFA Bank (8071),# 388694,55.0,5500.0,,5555.0,Yes,Yes,No,Yes,Yes,,No
Legacy,2025-05-23,PO #00107,PSA,KCAK → KLFT,C310,,Air Z,Net 30,11750.0,11000.0,750.0,Jonny 1%,OFA Bank (8071),# 388563,110.0,11000.0,,11110.0,Yes,Yes,No,Yes,Yes,,No
Legacy,2025-05-22,PO #VG052204,Piedmont,KPHL → KORD,C310,,Sonrise,Net 30,8200.0,7243.98,956.02,Jonny 1%,OFA Bank (8071),# 894949,72.44,7243.98,,7316.42,Yes,Yes,No,Yes,Yes,,No
Legacy,2025-05-21,PO #00106,PSA,KCVG → KHSV,C310,,Sonrise,Net 30,6300.0,4750.0,1550.0,Jonny 1%,OFA Bank (8071),# 388452,47.5,4750.0,,4797.5,Yes,Yes,No,Yes,Yes,,No
Legacy,2025-05-18,PO #01047,Athelo Group,KORL → KTNU,,,Exec 1 Avaition,Net 15,18100.0,16936.45,1163.55,Jonny 1%,OFA Bank (8071),ID 08783G,169.36,16936.45,,17105.81,Yes,Yes,No,Yes,Yes,,No
Legacy,2025-05-18,PO #00105,PSA,DFW → XNA,,,GTA,Net 30,13500.0,10075.0,3425.0,Jonny 1%,OFA Bank (8071),# 388305,100.75,10075.0,,10175.75,Yes,Yes,No,Yes,Yes,,No
Legacy,2025-05-16,PO #JB051606,PDT,KMDT → KALO,Cheyenne,,Contrail,Net 30,17750.0,16478.25,1271.75,Jonny 1%,OFA Bank (8071),#894669,164.78,16478.25,,16643.03,Yes,Yes,No,Yes,Yes,,No
Legacy,2025-05-15,PO # 00105,PSA,DFW → XNA,,,GTA,Net 30,5600.0,3300.0,2300.0,Jonny 1%,OFA Bank (8071),# 388305,33.0,3300.0,,3333.0,Yes,Yes,No,Yes,Yes,,No
Legacy,2025-05-14,PO #00103,PSA,KCAK → KXNA,Aerostar,,Castle,Net 30,8500.0,7071.21,1428.79,Jonny 1%,OFA Bank (8071),# 388168,70.71,7071.21,,7141.92,Yes,Yes,No,Yes,Yes,,No
Legacy,2025-05-14,PO #00104,PSA,KCLT → KDFW,C404,,Sonrise,Net 30,11800.0,10400.0,1400.0,Jonny 1%,OFA Bank (8071),# 388168,104.0,10400.0,,10504.0,Yes,Yes,No,Yes,Yes,,No
Legacy,2025-05-13,PO #00102,PSA,KCAK → Cancel,,,Air Z,Net 30,,1830.0,-1830.0,OFA,OFA Bank (8071),No Money,,,,,Yes,Yes,No,Yes,Yes,,No
Legacy,2025-05-08,PO #00101,PSA,CAK → MKE,C310,,Air Z,Net 30,5300.0,4200.0,1100.0,Jonny 1%,OFA Bank (8071),# 387934,42.0,4200.0,,4242.0,Yes,Yes,No,Yes,Yes,,No
Legacy,2025-05-05,PO #00100,PSA,TUL → ORF,Bonaza,,GTA,Net 30,11000.0,9270.66,1729.34,Jonny 1%,OFA Bank (8071),# 387794,92.71,9270.66,,9363.37,Yes,Yes,No,Yes,Yes,,No
Legacy,2025-05-04,PO # 00099,PSA,KORF → KHSV,Baron 58,,Axio,Net 30,7750.0,5512.5,2237.5,Jonny 1%,OFA Bank (8071),# 387794,55.13,5512.5,,5567.63,Yes,Yes,No,Yes,Yes,,No
Legacy,2025-04-28,PO # 00098,PSA ,KDAY-KORF → KBTV,C310,,Miller ,Net 30,11100.0,9834.84,1265.16,Jonny 1%,OFA Bank (8071),# 387569,98.35,9834.84,,9933.19,Yes,Yes,No,Yes,Yes,,No
Legacy,2025-04-27,PO # CS042605,PSA,KMDT → KALO,C310,,Air Z,Net 30,12100.0,8900.0,3200.0,Jonny 1%,OFA Bank (8071),# 0000893796,89.0,8900.0,,8989.0,Yes,Yes,No,Yes,Yes,,No
Legacy,2025-04-25,PO # 00097,PSA,KCAK → KSYR,C340,,Air Z,Net 30,5200.0,3500.0,1700.0,Jonny 1%,OFA Bank (8071),# 387344,35.0,3500.0,,3535.0,Yes,Yes,No,Yes,Yes,,No
Legacy,2025-04-25,PO # 00096,PSA,KGSP → KGPT,C310,,Miller,Net 30,10300.0,9750.0,550.0,Jonny 1%,OFA Bank (8071),# 387344,97.5,9750.0,,9847.5,Yes,Yes,No,Yes,Yes,,No
Legacy,2025-04-20,PO #00095,PSA,KDAY → KMLI,C310,,Sonrise,Net 30,6800.0,5800.0,1000.0,Jonny 1%,OFA Bank (8071),# 387344,58.0,5800.0,,5858.0,Yes,Yes,No,Yes,Yes,,No
Legacy,2025-04-13,PO #VG041304,Piedmont,KROA → KAZO,C310,,Sonrise,Net 30,7000.0,5350.0,1650.0,Jonny 1%,OFA Bank (8071),# 893204,53.5,5350.0,,5403.5,Yes,Yes,No,Yes,Yes,,No
Legacy,2025-04-09,PO #00094,PSA,KCAK → KMKE,N3839G,,Air Z,Net 30,6900.0,5250.0,1650.0,Jonny 1%,OFA Bank (8071),# 386816,52.5,5250.0,,5302.5,Yes,Yes,No,Yes,Yes,,No
Legacy,2025-04-08,PO #00093,PSA,KDFW → KMDH,6209X,,Miller,Net 30,8700.0,7770.0,930.0,Jonny 1%,OFA Bank (8071),# 386816,77.7,7770.0,,7847.7,Yes,Yes,No,Yes,Yes,,No
Legacy,2025-04-07,PO #00092,PSA,KDFW → KJAN,CC404,,Sonrise,Net 30,8100.0,7195.0,905.0,Jonny 1%,OFA Bank (8071),# 386816,71.95,7195.0,,7266.95,Yes,Yes,No,Yes,Yes,,No
Legacy,2025-04-06,PO #00091,PSA,KDAY → KJAN,C310,,Sonrise,Net 30,7900.0,6825.0,1075.0,Jonny 1%,OFA Bank (8071),# 386816,68.25,6825.0,,6893.25,Yes,Yes,No,Yes,Yes,,No
Legacy,2025-04-02,PO #00090,PSA ,KCAK → KPVD,C310,,Miller Aviation,Net 30,8400.0,7370.0,1030.0,Jonny 1%,OFA Bank (8071),# 386631,73.7,7370.0,,7443.7,Yes,Yes,No,Yes,Yes,,No
Legacy,2025-03-31,PO #00089,PSA,KCAK → KMCI,Aerostar,,Castle,Net 30,8500.0,6513.86,1986.14,Jonny 1%,OFA Bank (8071),# 386509,65.14,6513.86,,6579.0,Yes,Yes,No,Yes,Yes,,No
Legacy,2025-03-29,PO #00088,PSA,KCLT → KDFW,B58,,Axio,Net 30,12500.0,9446.0,3054.0,Jonny 1%,OFA Bank (8071),# 386509,94.46,9446.0,,9540.46,Yes,Yes,No,Yes,Yes,,No
Legacy,2025-03-26,PO #00087,PSA,KCLT → KMEM,B58,,Axio,Net 30,7600.0,4637.5,2962.5,Jonny 1%,OFA Bank (8071),# 386358,46.38,4637.5,,4683.88,Yes,Yes,No,Yes,Yes,,No
Legacy,2025-03-25,PO #00086,PSA,KCVG → KPHL,C310,,Sonrise Aviation,Net 30,7000.0,6068.8,931.2,Jonny 1%,OFA Bank (8071),# 386358,60.69,6068.8,,6129.49,Yes,Yes,No,Yes,Yes,,No
Legacy,2025-03-24,PO #00085,PSA,KTUL → KCAK,C310,,Miller Aviation,Net 30,8900.0,8335.0,565.0,Jonny 1%,OFA Bank (8071),# 386224,83.35,8335.0,,8418.35,Yes,Yes,No,Yes,Yes,,No
Legacy,2025-03-22,PO #00084,PSA,KGSP → KPNS,B58,,Clemson,Net 30,500.0,500.0,,OFA,OFA Bank (8071),# 386224,,,,,Yes,Yes,No,Yes,Yes,,No
Legacy,2025-03-20,PO #00083,PSA,KDFW → KLIT,C310,,Miller Aviation,Net 30,7000.0,5992.73,1007.27,Jonny 1%,OFA Bank (8071),# 386056,59.93,5992.73,,6052.66,Yes,Yes,No,Yes,Yes,,No
Legacy,2025-03-19,PO #00082,PSA,KGSP → KLIT,B58,,Axio,Net 30,7250.0,5250.0,2000.0,Jonny 1%,OFA Bank (8071),# 386509,52.5,5250.0,,5302.5,Yes,Yes,No,Yes,Yes,,No
Legacy,2025-03-17,PO #00081,PSA,KDAY → KDSM,C310,,Sonrise Aviation,Net 30,6500.0,5550.0,950.0,Jonny 1%,OFA Bank (8071),# 385890,55.5,5550.0,,5605.5,Yes,Yes,No,Yes,Yes,,No
Legacy,2025-03-15,PO #00080,PSA,KDFW → KCLT,C90,,Executive Shuttle,Net 30,14900.0,13815.81,1084.19,Jonny 1%,OFA Bank (8071),# 385890,138.16,13815.81,,13953.97,Yes,Yes,No,Yes,Yes,,No
Legacy,2025-03-11,PO #00078,PSA,KDAY → KPNS,C319,,Sonrise Aviation,Net 30,9500.0,8500.0,1000.0,Jonny 1%,OFA Bank (8071),#385624,85.0,8500.0,,8585.0,Yes,Yes,No,Yes,Yes,,No
Legacy,2025-03-11,PO # 00079,PSA,KDAY-KCAK → KALB,C310,,Sonrise Aviation,Net 30,8500.0,7532.78,967.22,Jonny 1%,OFA Bank (8071),#385624,75.33,7532.78,,7608.11,Yes,Yes,No,Yes,Yes,,No
Legacy,2025-03-10,PO #00077,PSA,KDAY → KMCI,C310,,Miller Aviation,Net 30,6500.0,5508.0,992.0,Jonny 1%,OFA Bank (8071),#385624,55.08,5508.0,,5563.08,Yes,Yes,No,Yes,Yes,,No
Legacy,2025-03-08,PO # 00075,PSA ,DAY-CVG → KLIT,C310,,Sonrise Aviation,Net 30,8500.0,7600.0,900.0,Jonny 1%,OFA Bank (8071),#385624,76.0,7600.0,,7676.0,Yes,Yes,No,Yes,Yes,,No
Legacy,2025-03-04,PO # 00073,PSA,KORF → KBDL,PAY2,,Contrail,Net 30,9900.0,8799.85,1100.15,Jonny 1%,OFA Bank (8071),# 386056,88.0,8799.85,,8887.85,Yes,Yes,No,Yes,Yes,,No
Legacy,2025-03-04,PO # 00074,PSA,DAY-? → KPIA,C310,,Sonrise Aviation,Net 30,7000.0,6000.0,1000.0,Jonny 1%,OFA Bank (8071),# 385505,60.0,6000.0,,6060.0,Yes,Yes,No,Yes,Yes,,No
Legacy,2025-03-02,PO #00072,PSA,KCLT → KBGR,BE58,,Axio,Net 30,13500.0,11152.5,2347.5,Jonny 1%,OFA Bank (8071),# 385365,111.53,11152.5,,11264.03,Yes,Yes,No,Yes,Yes,,No
Legacy,2025-02-24,PO #00071,PSA,KORF → KPWM,King Air 90,,"Vertivue, LLC",Net 30,13300.0,13202.93,97.07,Jonny 1%,OFA Bank (8071),# 385063,132.03,13202.93,,13334.96,Yes,Yes,No,Yes,Yes,,No
Legacy,2025-02-23,PO #00070,PSA,KCLT → KBGR,C90,,Executive Air Shuttle,Net 30,14750.0,13750.0,1000.0,Jonny 1%,OFA Bank (8071),# 385063,137.5,13750.0,,13887.5,Yes,Yes,No,Yes,Yes,,No
Legacy,2025-02-23,PO #00069,PSA,KDAY → KBTR,Caravan,,Priority Air Charter,Net 30,13500.0,11913.04,1586.96,Jonny 1%,OFA Bank (8071),# 385063,119.13,11913.04,,12032.17,Yes,Yes,No,Yes,Yes,,No
Legacy,2025-02-22,PO #00067,PSA,KDAY-KCAK → KHSV,C310,,Sonrise Aviation,Net 30,8000.0,7400.0,600.0,Jonny 1%,OFA Bank (8071),# 385063,74.0,7400.0,,7474.0,Yes,Yes,No,Yes,Yes,,No
Legacy,2025-02-22,PO #00068,PSA,KDAY → KBTV,Aerostar,,Castle,Net 30,7900.0,7200.0,700.0,Jonny 1%,OFA Bank (8071),# 385063,72.0,7200.0,,7272.0,Yes,Yes,No,Yes,Yes,,No
Legacy,2025-02-21,PO #00066,PSA,KCAK-KDAY → KHSV,C340,,Air Z,Net 30,7800.0,6725.0,1075.0,Jonny 1%,OFA Bank (8071),# 385063,67.25,6725.0,,6792.25,Yes,Yes,No,Yes,Yes,,No
Legacy,2025-02-19,PO #00065,PSA,KCKB → KPNS,C340,,Air Z,Net 30,10800.0,9500.0,1300.0,Jonny 1%,OFA Bank (8071),# 384896,95.0,9500.0,,9595.0,Yes,Yes,No,Yes,Yes,,No
Legacy,2025-02-16,PO # 00064,PSA,KDAY → KORF,,,Air Z,Net 30,7000.0,5500.0,1500.0,Jonny 1%,OFA Bank (8071),# 384739,55.0,5500.0,,5555.0,Yes,Yes,No,Yes,Yes,,No
Legacy,2025-02-15,PO # 00063,PSA,KCLT → KTLH,B200,,Low Aviation,Net 30,10900.0,9890.0,1010.0,Jonny 1%,OFA Bank (8071),# 384554,98.9,9890.0,,9988.9,Yes,Yes,No,Yes,Yes,,No
Legacy,2025-02-14,PO # 00062,PSA,KDAY → KCLT,C340,,Air Z,Net 30,8000.0,6500.0,1500.0,Jonny 1%,OFA Bank (8071),# 384554,65.0,6500.0,,6565.0,Yes,Yes,No,Yes,Yes,,No
Legacy,2025-02-13,PO # 00061,PSA,KDAY → KALB,C310,,Sonrise Aviation,Net 30,9000.0,7872.78,1127.22,Jonny 1%,OFA Bank (8071),# 384554,78.73,7872.78,,7951.51,Yes,Yes,No,Yes,Yes,,No
Legacy,2025-02-12,PO #154CA,PSA,KDAY → KMLI,PAY2,,FedAir,Net 30,9900.0,8700.0,1200.0,Jonny 1%,OFA Bank (8071),# 384554,87.0,8700.0,,8787.0,Yes,Yes,No,Yes,Yes,,No
Legacy,2025-02-07,PO #2749MG,PSA,KCLT → KALB,Aerostar,,Castle,Net 30,7500.0,6450.0,1050.0,Jonny 1%,OFA Bank (8071),# 384281,64.5,6450.0,,6514.5,Yes,Yes,No,Yes,Yes,,No
Legacy,2025-02-06,PO #26249,PSA,KDAY → KICT,C310,,Air Z,Net 30,11000.0,9900.0,1100.0,Jonny 1%,OFA Bank (8071),# 384281,99.0,9900.0,,9999.0,Yes,Yes,No,Yes,Yes,,No
Legacy,2025-02-05,PO #26248,PSA,KCVG → KMCI,C310,,Sonrise Aviation,Net 30,8400.0,8457.0,-57.0,Jonny 1%,OFA Bank (8071),# 384281,84.57,8457.0,,8541.57,Yes,Yes,No,Yes,Yes,,No
Legacy,2025-02-04,PO #26247,PSA,KDAY → KDFW,C310,,Sonrise Aviation,Net 30,10500.0,11126.38,-626.38,Jonny 1%,OFA Bank (8071),# 384281,111.26,11126.38,,11237.64,Yes,Yes,No,Yes,Yes,,No
Legacy,2025-02-03,PO #26246,PSA,KDAY → KPIA,C310,,Sonrise,Net 30,5100.0,4185.0,915.0,Jonny 1%,OFA Bank (8071),# 384281,41.85,4185.0,,4226.85,Yes,Yes,No,Yes,Yes,,No
Legacy,2025-02-02,PO #26245,PSA,KCAK → KBTV,C340,,Air Z,Net 30,7500.0,6000.0,1500.0,Jonny 1%,OFA Bank (8071),# 384141,60.0,6000.0,,6060.0,Yes,Yes,No,Yes,Yes,,No
Legacy,2025-01-22,PO # 26241,PSA,KORF → KBDL,TBM,,Contrail,Net 30,9800.0,8445.17,1354.83,Jonny 1%,OFA Bank (8071),# 383704,84.45,8445.17,,8529.62,Yes,Yes,No,Yes,Yes,,No
Legacy,2025-01-19,PO #26240,PSA,KCVG → KJAN,C310,,Sonrise,Net 30,9200.0,8210.0,990.0,Jonny 1%,OFA Bank (8071),# 383612,82.1,8210.0,,8292.1,Yes,Yes,No,Yes,Yes,,No
Legacy,2025-01-18,PO # 26239,PSA,KCAK → KALB,Aerostar,,Castle,Net 30,5500.0,4150.0,1350.0,Jonny 1%,OFA Bank (8071),# 383612,41.5,4150.0,,4191.5,Yes,Yes,No,Yes,Yes,,No
Legacy,2025-01-14,PO # 26238,PSA,KDAY → KHSV,C340,,Air Z,Net 30,7700.0,6500.0,1200.0,Jonny 1%,OFA Bank (8071),# 383480,65.0,6500.0,,6565.0,Yes,Yes,No,Yes,Yes,,No
Legacy,2025-01-10,PO # 26237,PSA,KCVG → KMCI,C310,,Sonrise,Net 30,8000.0,7458.0,542.0,Jonny 1%,OFA Bank (8071),# 383241,74.58,7458.0,,7532.58,Yes,Yes,No,Yes,Yes,,No
Legacy,2024-12-30,PO #26231,PSA,KCAK → KMHT,C340,,Air Z,Net 30 ,8000.0,6500.0,1500.0,Jonny 1%,OFA Bank (8071),# 382857,65.0,6500.0,,6565.0,Yes,Yes,No,Yes,Yes,,No
Legacy,2024-12-29,PO #26228,PSA,KORF → KMHT,C90,,Vertivue,Net 30,10500.0,9631.25,868.75,Jonny 1%,OFA Bank (8071),# 382857,96.31,9631.25,,9727.56,Yes,Yes,No,Yes,Yes,,No
Legacy,2024-12-29,PO #26230,PSA,KCLT → KMOB,King Air,,Augusta,Net 30,12500.0,11453.75,1046.25,Jonny 1%,OFA Bank (8071),# 382857,114.54,11453.75,,11568.29,Yes,Yes,No,Yes,Yes,,No
Legacy,2024-12-29,PO #26229,PSA,KCAK → KPVD,C310,,Air Z,Net 30,8800.0,6600.0,2200.0,Jonny 1%,OFA Bank (8071),# 382857,66.0,6600.0,,6666.0,Yes,Yes,No,Yes,Yes,,No
Legacy,2024-12-29,PO #VG122909,,,,,Moyer,,11900.0,11257.65,642.35,Jonny 1%,OFA Bank (8071),PDT38575,112.58,11257.65,,11370.23,Yes,Yes,No,Yes,Yes,,No
Legacy,2024-12-28,PO #26226,PSA,KCVG → KMOB,C310,,Sonrise,Net 30,9200.0,8768.0,432.0,Jonny 1%,OFA Bank (8071),# 382857,87.68,8768.0,,8855.68,Yes,Yes,No,Yes,Yes,,No
Legacy,2024-12-28,PO #26227,PSA,KCAK → KPVD,C310,,Sonrise,Net 30,9500.0,8980.0,520.0,Jonny 1%,OFA Bank (8071),# 382857,89.8,8980.0,,9069.8,Yes,Yes,No,Yes,Yes,,No
Legacy,2024-12-25,PO #26225,PSA,KGSP → KDFW,C90,,Exec Shuttle,Net 30,13300.0,12274.0,1026.0,Jonny 1%,OFA Bank (8071),# 382857,122.74,12274.0,,12396.74,Yes,Yes,No,Yes,Yes,,No
Legacy,2024-12-24,PO #26224,PSA,KCVG → KBGR,Aerostar,,Castle,Net 30,11250.0,10250.0,1000.0,Jonny 1%,OFA Bank (8071),# 382857,102.5,10250.0,,10352.5,Yes,Yes,No,Yes,Yes,,No
Legacy,2024-12-24,PO # 26223,PSA ,KCAK → KABE,Aerostar,,Castle,Net 30,6300.0,3607.5,2692.5,Jonny 1%,OFA Bank (8071),# 383612,36.08,3607.5,,3643.58,Yes,Yes,No,Yes,Yes,,No
Legacy,2024-12-23,PO # 26222,PSA,KCAK → KBDL,C310,,Air Z,Net 30,7000.0,5900.0,1100.0,Jonny 1%,OFA Bank (8071),# 382680,59.0,5900.0,,5959.0,Yes,Yes,No,Yes,Yes,,No
Legacy,2024-12-21,PO # 26221,PSA,KDAY → KDSM,C310,,Sonrise,Net 30,7100.0,6158.0,942.0,Jonny 1%,OFA Bank (8071),# 382680,61.58,6158.0,,6219.58,Yes,Yes,No,Yes,Yes,,No
Legacy,2024-12-19,PO #26219,PSA,KCAK → KBTV,King Air,,FedAir,Net 30,19800.0,18800.0,1000.0,Jonny 1%,OFA Bank (8071),# 382521,188.0,18800.0,,18988.0,Yes,Yes,No,Yes,Yes,,No
Legacy,2024-12-15,PO #26218,PSA,KGSP → KHPN,C90,,Exec Shuttle,Net 30,11700.0,11141.75,558.25,Jonny 1%,OFA Bank (8071),# 382403,111.42,11141.75,,11253.17,Yes,Yes,No,Yes,Yes,,No
Legacy,2024-12-14,PO #26217,PSA,KCAK → KMSP,C310,,Sonrise,Net 30,9500.0,8543.65,956.35,Jonny 1%,OFA Bank (8071),# 382403,85.44,8543.65,,8629.09,Yes,Yes,No,Yes,Yes,,No
Legacy,2024-12-13,PO #26216,PSA,KCVG → KMSP,C340,,Air Z,Net 30,9900.0,8900.0,1000.0,Jonny 1%,OFA Bank (8071),# 382267,89.0,8900.0,,8989.0,Yes,Yes,No,Yes,Yes,,No
Legacy,2024-12-11,PO # CS121102,Piedmont,KMDT → KJAX,Cheyanne ,,Contrail,Net 30,18700.0,17100.74,1599.26,Jonny 1%,OFA Bank (8071),PDT38575,171.01,17100.74,,17271.75,Yes,Yes,No,Yes,Yes,,No
Legacy,2024-12-11,PO #26215,PSA,KCAK → KPHL,C310,,Air Z,Net 30,7300.0,5500.0,1800.0,Jonny 1%,OFA Bank (8071),# 382267,55.0,5500.0,,5555.0,Yes,Yes,No,Yes,Yes,,No
Legacy,2024-12-10,PO #26214,PSA,KCVG → KORF,C310,,Sonrise,Net 30,8000.0,6895.0,1105.0,Jonny 1%,OFA Bank (8071),# 382267,68.95,6895.0,,6963.95,Yes,Yes,No,Yes,Yes,,No
Legacy,2024-12-09,PO #26212,PSA,KCVG → KBDL,C310,,Sonrise,Net 30,10300.0,9361.72,938.28,Jonny 1%,OFA Bank (8071),# 382148,93.62,9361.72,,9455.34,Yes,Yes,No,Yes,Yes,,No
Legacy,2024-12-09,PO #26213,PSA,KCAK → KPWM,C340,,Air Z,Net 30,9500.0,7500.0,2000.0,Jonny 1%,OFA Bank (8071),# 382148,75.0,7500.0,,7575.0,Yes,Yes,No,Yes,Yes,,No
Legacy,2024-12-08,PO #26210,PSA,KPNS → KBHM,C90,,Air Relden,Net 30,8000.0,7244.86,755.14,Jonny 1%,OFA Bank (8071),# 382148,72.45,7244.86,,7317.31,Yes,Yes,No,Yes,Yes,,No
Legacy,2024-12-08,PO #262011,PSA,KCAK → KBTV,Cheyenne,,Air Travel Management,Net 30,10200.0,9190.0,1010.0,Jonny 1%,OFA Bank (8071),# 382148,91.9,9190.0,,9281.9,Yes,Yes,No,Yes,Yes,,No
Legacy,2024-12-06,PO #26209,PSA,KCVG → KLIT,C310,,Sonrise,Net 30,9000.0,7758.0,1242.0,Jonny 1%,OFA Bank (8071),# 382028,77.58,7758.0,,7835.58,Yes,Yes,No,Yes,Yes,,No
Legacy,2024-12-06,PO #26208,PSA,KCAK → KPHL,Aerostar,,Castle,Net 30,5700.0,3300.0,2400.0,Jonny 1%,OFA Bank (8071),# 382028,33.0,3300.0,,3333.0,Yes,Yes,No,Yes,Yes,,No
Legacy,2024-12-05,PO #26206,PSA,KCKB → KCLT,C340,,Air Z,Net 30,7500.0,5750.0,1750.0,Jonny 1%,OFA Bank (8071),# 382028,57.5,5750.0,,5807.5,Yes,Yes,No,Yes,Yes,,No
Legacy,2024-12-05,PO #26207,PSA,KCKB → KDFW,Lear 35,,Royal Air Freight,Net 30,16700.0,14295.37,2404.63,Jonny 1%,OFA Bank (8071),# 382028,142.95,14295.37,,14438.32,Yes,Yes,No,Yes,Yes,,No
Legacy,2024-12-01,PO #26205,PSA,KGSP → KJAX,C90,,Augusta Aviation,Net 30,8500.0,7195.0,1305.0,Jonny 1%,OFA Bank (8071),# 381903,71.95,7195.0,,7266.95,Yes,Yes,No,Yes,Yes,,No
Legacy,2024-11-30,PO #26204,PSA,KDAY-KCAK → KALB,C310,,Sonrise,Net 30,8900.0,7880.91,1019.09,Jonny 1%,OFA Bank (8071),# 381784,78.81,7880.91,,7959.72,Yes,Yes,No,Yes,Yes,,No
Legacy,2024-11-30,PO #26203,PSA,KCVG → KCHA,C310,,Air Z,Net 30,7500.0,6300.0,1200.0,Jonny 1%,OFA Bank (8071),# 381784,63.0,6300.0,,6363.0,Yes,Yes,No,Yes,Yes,,No
Legacy,2024-11-29,PO #26202,PSA,KDAY → KICT,C310,,Sonrise,Net 30,10500.0,9565.0,935.0,Jonny 1%,OFA Bank (8071),# 381784,95.65,9565.0,,9660.65,Yes,Yes,No,Yes,Yes,,No
Legacy,2024-11-26,PO #26201,PSA,"KDAY, KCAK → KMHT",C310,,Sonrise,Net 30,9900.0,9063.0,837.0,Jonny 1%,OFA Bank (8071),# 381642,90.63,9063.0,,9153.63,Yes,Yes,No,Yes,Yes,,No
Legacy,2024-11-25,PO #26199,PSA,KDAY → KIAD,C310,,Air Z,Net 30,6500.0,4300.0,2200.0,Jonny 1%,OFA Bank (8071),# 381642,43.0,4300.0,,4343.0,Yes,Yes,No,Yes,Yes,,No
Legacy,2024-11-25,PO #26200,PSA,KCKB → KSAV,C310,,Sonrise,Net 30,9300.0,8248.0,1052.0,Jonny 1%,OFA Bank (8071),# 381642,82.48,8248.0,,8330.48,Yes,Yes,No,Yes,Yes,,No
Legacy,2024-11-23,PO #26198,PSA,KGSP → KMCI,C90,,Executive Shuttle,Net 30,13500.0,11825.4,1674.6,Jonny 1%,OFA Bank (8071),# 381476,118.25,11825.4,,11943.65,Yes,Yes,No,Yes,Yes,,No
Legacy,2024-11-22,PO #26197,PSA,KGSP → KSRQ,C90,,Executive Shuttle,Net 30,11000.0,8861.15,2138.85,Jonny 1%,OFA Bank (8071),# 381476,88.61,8861.15,,8949.76,Yes,Yes,No,Yes,Yes,,No
Legacy,2024-11-18,PO #VG111804,Piedmont,KMDT → KORD,Cheyenne,,Contrail,Net 30,14400.0,13688.29,711.71,Jonny 1%,OFA Bank (8071),VG111804,136.88,13688.29,,13825.17,Yes,Yes,No,Yes,Yes,,No
Legacy,2024-11-15,PO #26195,PSA,KDAY → KBHM,C310,,Sonrise,Net 30,7600.0,6755.0,845.0,Jonny 1%,OFA Bank (8071),# 381196,67.55,6755.0,,6822.55,Yes,Yes,No,Yes,Yes,,No
Legacy,2024-11-14,PO #26194,PSA,KCVG → KHSV,C310,,Sonrise,Net 30,6500.0,5860.0,640.0,Jonny 1%,OFA Bank (8071),# 381642,58.6,5860.0,,5918.6,Yes,Yes,No,Yes,Yes,,No
Legacy,2024-11-13,PO #26180,PSA,KDAY → KTUL,C310,,Sonrise,Net 30,300.0,,300.0,OFA,OFA Bank (8071),# 381196,,,,,Yes,Yes,No,Yes,Yes,,No
Legacy,2024-11-12,PO #26193,PSA ,KCAK → KABE,C310,,Air Z,Net 30,6100.0,3900.0,2200.0,Jonny 1%,OFA Bank (8071),# 381082,39.0,3900.0,,3939.0,Yes,Yes,No,Yes,Yes,,No
Legacy,2024-11-06,PO #26192,PSA,KCAK → KPWM,C310,,Air Z,Net 30,8500.0,7025.0,1475.0,Jonny 1%,OFA Bank (8071),# 381355,70.25,7025.0,,7095.25,Yes,Yes,No,Yes,Yes,,No
Legacy,2024-11-02,PO #26191,PSA,KORF → KCID,C310,,Air Z,Net 30,8600.0,6600.0,2000.0,Jonny 1%,OFA Bank (8071),# 380790,66.0,6600.0,,6666.0,Yes,Yes,No,Yes,Yes,,No
Legacy,2024-11-01,PO #26190,PSA,KPHL → KJAN,DA-20,,Royal Air Freight,Net 30,17600.0,15654.65,1945.35,Jonny 1%,OFA Bank (8071),# 380790,156.55,15654.65,,15811.2,Yes,Yes,No,Yes,Yes,,No
Legacy,2024-10-29,PO #26189,PSA,KGSP → KJAN,King Air 90,,Augusta Aviation,Net 30,12100.0,11330.13,769.87,Jonny,OFA Bank (8071),# 380625,384.94,11330.13,,11715.07,Yes,Yes,No,Yes,Yes,,No
Legacy,2024-10-28,PO #26188,PSA,KCVG-KDAY-KGRR → KMKE,C310,,Air Z,Net 30,8200.0,5200.0,3000.0,Jonny,OFA Bank (8071),# 380625,1500.0,5200.0,,6700.0,Yes,Yes,No,Yes,Yes,,No
Legacy,2024-10-26,PO #26185,PSA,KPNS → KLIT,King Air 90,,Air Reldan,Net 30,8900.0,7519.57,1380.43,Jonny,OFA Bank (8071),# 380625,690.22,7519.57,,8209.79,Yes,Yes,No,Yes,Yes,,No
Legacy,2024-10-26,PO #26186,PSA,KCAK → KBTV,C310,,Sonrise,Net 30,8900.0,8110.0,790.0,Jonny,OFA Bank (8071),# 380473,395.0,8110.0,,8505.0,Yes,Yes,No,Yes,Yes,,No
Legacy,2024-10-25,PO #26184,PSA,KCAK-KCKB → KPVD,C310,,Air Z,Net 30,7800.0,6700.0,1100.0,Jonny,OFA Bank (8071),# 380625,550.0,6700.0,,7250.0,Yes,Yes,No,Yes,Yes,,No
Legacy,2024-10-23,PO #26183,PSA,KGSP → KBTR,King Air 90,,Executive Shuttle,Net 30,10500.0,9685.0,815.0,Jonny,OFA Bank (8071),# 380473,407.5,9685.0,,10092.5,Yes,Yes,No,Yes,Yes,,No
Legacy,2024-10-22,PO #26182,PSA,KCAK → KHPN,C310,,Sonrise,Net 30,8350.0,7665.0,685.0,Jonny,OFA Bank (8071),# 380358,342.5,7665.0,,8007.5,Yes,Yes,No,Yes,Yes,,No
Legacy,2024-10-18,PO #26181,PSA,KDAY → KTUL,C310,,Sonrise,Net 30,9200.0,8815.2,384.8,Jonny,OFA Bank (8071),# 380211,192.4,8815.2,,9007.6,Yes,Yes,No,Yes,Yes,,No
Legacy,2024-10-17,PO #26180,PSA,KDAY → KTUL,C310,,Sonrise,Net 30,12200.0,11995.0,205.0,Jonny,OFA Bank (8071),# 380211,102.5,11995.0,,12097.5,Yes,Yes,No,Yes,Yes,,No
Legacy,2024-10-16,PO #26178,PSA,KPHL → KPVD,Cheyenne,,Contrail,Net 30,7300.0,6219.88,1080.12,Jonny,OFA Bank (8071),# 380951,540.06,6219.88,,6759.94,Yes,Yes,No,Yes,Yes,,No
Legacy,2024-10-16,PO #26179,PSA,KCVG → KTUL,C340,,Air Z,Net 30,10400.0,9300.0,1100.0,Jonny,OFA Bank (8071),# 380211,550.0,9300.0,,9850.0,Yes,Yes,No,Yes,Yes,,No
Legacy,2024-10-15,PO #26176,PSA,KORF → KHPN,BE58,,Vertivue,Net 30,12200.0,11134.0,1066.0,Jonny,OFA Bank (8071),# 380211,533.0,11134.0,,11667.0,Yes,Yes,No,Yes,Yes,,No
Legacy,2024-10-15,PO #26177,PSA,KCAK → KTUL,C310,,Sonrise,Net 30,10400.0,9215.0,1185.0,Jonny,OFA Bank (8071),# 380211,592.5,9215.0,,9807.5,Yes,Yes,No,Yes,Yes,,No
Legacy,2024-10-13,PO #26175,PSA,KGSP → KHSV,BE58,,AXIO,Net 30,4500.0,3339.58,1160.42,Jonny,OFA Bank (8071),# 380080,580.21,3339.58,,3919.79,Yes,Yes,No,Yes,Yes,,No
Legacy,2024-10-12,PO #26174,PSA,KCAK → KBGR,Aerostar,,Castle Aviation,Net 30,7900.0,6854.0,1046.0,Jonny,OFA Bank (8071),# 379941,523.0,6854.0,,7377.0,Yes,Yes,No,Yes,Yes,,No
Legacy,2024-10-07,PO #26173,PSA,KCAK → KSTL,Aerostar,,Castle Aviation,Net 30,5700.0,4706.0,994.0,Jonny,OFA Bank (8071),# 379819,497.0,4706.0,,5203.0,Yes,Yes,No,Yes,Yes,,No
Legacy,2024-10-06,PO #26172,PSA,KORF → KCID,Falcon 20,,Royal Air,Net 30,14200.0,14260.52,-60.52,Jonny,OFA Bank (8071),# 379819,,14260.52,,14260.52,Yes,Yes,No,Yes,Yes,,No
Legacy,2024-10-05,PO #26171,PSA ,KDAY-KCVG → KCID,C310,,Sonrise,Net 30,6700.0,5995.0,705.0,Jonny,OFA Bank (8071),# 379819,352.5,5995.0,,6347.5,Yes,Yes,No,Yes,Yes,,No
Legacy,2024-10-05,PO #26168,PSA ,KGSP → KCID,King Air 90,,Executive Charter,Net 30,11700.0,9957.0,1743.0,Jonny,OFA Bank (8071),# 379819,871.5,9957.0,,10828.5,Yes,Yes,No,Yes,Yes,,No
Legacy,2024-10-05,PO #26169,PSA,KGSP → KHSV,King Air 90,,Augusta Aviation,Net 30,9900.0,8982.81,917.19,Jonny,OFA Bank (8071),# 379819,458.6,8982.81,,9441.41,Yes,Yes,No,Yes,Yes,,No
Legacy,2024-10-05,PO #26170,PSA,KORF → KMHT,Cheyenne,,Contrail,Net 30,11000.0,9993.0,1007.0,Jonny,OFA Bank (8071),# 379819,503.5,9993.0,,10496.5,Yes,Yes,No,Yes,Yes,,No
Legacy,2024-10-01,PO #26167,PSA,KCAK → KPHL,BeechJet 400,,Castle Aviation,Net 30,11500.0,10550.0,950.0,Jonny,OFA Bank (8071),# 379458,475.0,10550.0,,11025.0,Yes,Yes,No,Yes,Yes,,No
Legacy,2024-09-30,PO #26166,PSA,KGSP → KHSV,King Air 90,,Executive Charter,Net 30,6450.0,5392.0,1058.0,Jonny,OFA Bank (8071),# 379458,529.0,5392.0,,5921.0,Yes,Yes,No,Yes,Yes,,No
Legacy,2024-09-28,PO #26165,PSA,KDAY → KCLT`,C404,,Sonrise,Net 30,6200.0,5800.0,400.0,Jonny,OFA Bank (8071),# 379328,200.0,5800.0,,6000.0,Yes,Yes,No,Yes,Yes,,No
Legacy,2024-09-27,PO # 26164,PSA,KSAV → KCHS,King Air 90,,Executive Shuttle,Net 30,7100.0,5991.0,1109.0,Jonny,OFA Bank (8071),# 379328,554.5,5991.0,,6545.5,Yes,Yes,No,Yes,Yes,,No
Legacy,2024-09-26,PO # 26163,PSA,KDAY → KCLT,C404,,Sonrise,Net 30,6400.0,5180.0,1220.0,Jonny,OFA Bank (8071),# 379328,610.0,5180.0,,5790.0,Yes,Yes,No,Yes,Yes,,No
Legacy,2024-09-24,PO #26162,PSA,KDAY → KMSN,Phenom 100,,Axio,Net 30,9320.0,8218.7,1101.3,Jonny,OFA Bank (8071),# 379185,550.65,8218.7,,8769.35,Yes,Yes,No,Yes,Yes,,No
Legacy,2024-09-23,PO #26159,PSA ,KDAY → KALB,PA-31T,,Air Travel Management,Net 30,10750.0,10000.0,750.0,Jonny,OFA Bank (8071),# 379185,375.0,10000.0,,10375.0,Yes,Yes,No,Yes,Yes,,No
Legacy,2024-09-23,PO #26161,PSA,KCAK → KABE,C310,,Sonrise Aviation,Net 30,7200.0,6676.23,523.77,Jonny,OFA Bank (8071),# 379185,261.89,6676.23,,6938.12,Yes,Yes,No,Yes,Yes,,No
Legacy,2024-09-23,PO #26160,PSA,KGMU → KLFT,BE58,,Clemson Air Charter,Net 30,7400.0,6200.0,1200.0,Jonny,OFA Bank (8071),# 379185,600.0,6200.0,,6800.0,Yes,Yes,No,Yes,Yes,,No
Legacy,2024-09-17,PO #26156,PSA,KDAY → KOMA,C310,,Air Z,Net 30,7500.0,5400.0,2100.0,Jonny,OFA Bank (8071),#378898,1050.0,5400.0,,6450.0,Yes,Yes,No,Yes,Yes,,No
Legacy,2024-09-13,PO #26155,PSA,KDAY → KALB,C310,,Sonrise Aviation,Net 30,8650.0,8180.91,469.09,Jonny,OFA Bank (8071),#378749,234.55,8180.91,,8415.46,Yes,Yes,No,Yes,Yes,,No
Legacy,2024-09-09,PO #26153,PSA,KCAK → KHPN,C404 Titan,,Sonrise Aviation,Net 30,8750.0,8407.97,342.03,Jonny,OFA Bank (8071),#378632,171.02,8407.97,,8578.99,Yes,Yes,No,Yes,Yes,,No
Legacy,2024-09-02,PO # 26149,PSA ,KORF → KLIT,Caravan,,Castle,Net 30,15750.0,15391.53,358.47,Jonny,OFA Bank (8071),#378194,179.24,15391.53,,15570.77,Yes,Yes,No,Yes,Yes,,No
Legacy,2024-09-02,PO # 26144,PSA,KGSP → KPIA,King Air 90,,Augusta Aviation,Net 30,14200.0,13753.88,446.12,Jonny,OFA Bank (8071),#378194,223.06,13753.88,,13976.94,Yes,Yes,No,Yes,Yes,,No
Legacy,2024-09-02,PO # 26148,PSA,KDAY → KSAV,C310,,Sonrise,NET 30,10000.0,9508.0,492.0,Jonny,OFA Bank (8071),#378194,246.0,9508.0,,9754.0,Yes,Yes,No,Yes,Yes,,No
Legacy,2024-09-01,PO # 26143,PSA,KCAK → KBDL,C310,,Sonrise,Net 30,7500.0,7390.0,110.0,Jonny,OFA Bank (8071),#378194,55.0,7390.0,,7445.0,Yes,Yes,No,Yes,Yes,,No
Legacy,2024-08-28,PO #26141,PSA,KCAK → KHPN,Piper Aerostar,,Castle Aviation,Net 30,5250.0,4040.0,1210.0,Jonny,OFA Bank (8071),#378194,605.0,4040.0,,4645.0,Yes,Yes,No,Yes,Yes,,No
Legacy,2024-08-27,PO #26140,PSA,KGSP → KICT,King Air 90,,Executive Shuttle,Net 30,13550.0,12984.0,566.0,Jonny,OFA Bank (8071),#378194,283.0,12984.0,,13267.0,Yes,Yes,No,Yes,Yes,,No
Legacy,2024-08-23,PO #26139,PSA,KCAK → KHPN,AEST,,Castle Aviation,Net 30,7550.0,6150.0,1400.0,Jonny,OFA Bank (8071),#377930,700.0,6150.0,,6850.0,Yes,Yes,No,Yes,Yes,,No
Legacy,2024-08-23,PO #VG082301,Piedmont,KCLT → KMGM,King Air 90,,Executive Shuttle,Net 30,9100.0,8047.3,1052.7,Jonny,OFA Bank (8071),#882731,526.35,8047.3,,8573.65,Yes,Yes,No,Yes,Yes,,No
Legacy,2024-08-21,N/A,Paul Rohrkemper,KESN → KMBS,Falcon 10,,East Coast Flight Services,On Reciept,13250.0,12316.67,933.33,Jonny,OFA Bank (8071),Paid via CC QB,466.67,12316.67,,12783.34,Yes,Yes,No,Yes,Yes,,No
Legacy,2024-08-21,PO #26138,PSA,KDAY → KMKE,C310,,Sonrise,Net 30,5700.0,4705.74,994.26,Jonny,OFA Bank (8071),#377930,497.13,4705.74,,5202.87,Yes,Yes,No,Yes,Yes,,No
Legacy,2024-08-20,PO #26137,PSA,KCAK → KPVD,C310,,Sonrise,Net 30,9500.0,8205.0,1295.0,Jonny,OFA Bank (8071),#377800,647.5,8205.0,,8852.5,Yes,Yes,No,Yes,Yes,,No
Legacy,2024-08-17,PO #VG081702,Piedmont,KMDT → KEVV,Cheyenne,,Contrail,Net 30,12550.0,11492.0,1058.0,Jonny,OFA Bank (8071),#0000882009,529.0,11492.0,,12021.0,Yes,Yes,No,Yes,Yes,,No
Legacy,2024-08-16,PO #26135,PSA,KCAK → KMSN,C310,,Air Z,Net 30,6150.0,4500.0,1650.0,Jonny,OFA Bank (8071),#377665,825.0,4500.0,,5325.0,Yes,Yes,No,Yes,Yes,,No
Legacy,2024-08-16,PO #26134,PSA,KGSP → KTUL,King Air 90,,Augusta Air,Net 30,15300.0,14290.0,1010.0,Jonny,OFA Bank (8071),#377665,505.0,14290.0,,14795.0,Yes,Yes,No,Yes,Yes,,No
Legacy,2024-08-15,PO #26132,PSA,KCVG → KCAK-KMHT,C310,,Air Z,Net 30,8000.0,6900.0,1100.0,Jonny,OFA Bank (8071),#377665,550.0,6900.0,,7450.0,Yes,Yes,No,Yes,Yes,,No
Legacy,2024-08-15,PO # 26133,PSA,KGSP → KLEX,C90,,Executive Shuttle,Net 30,7500.0,6490.0,1010.0,Jonny,OFA Bank (8071),#377665,505.0,6490.0,,6995.0,Yes,Yes,No,Yes,Yes,,No
Legacy,2024-08-12,PO #26131,PSA,KPNS → KJAN,Senneca,,Air Reldan,Net 30,6350.0,5500.0,850.0,Jonny,OFA Bank (8071),#377499,425.0,5500.0,,5925.0,Yes,Yes,No,Yes,Yes,,No
Legacy,2024-08-09,PO # 26129,PSA,KCAK → KBNA,C310,,Air Z,Net 30,6600.0,5200.0,1400.0,Jonny,OFA Bank (8071),#377499,700.0,5200.0,,5900.0,Yes,Yes,No,Yes,Yes,,No
Legacy,2024-08-05,PO #26127,PSA,KCAK → KMDT,C310,,Air Z,Net 30,4500.0,2900.0,1600.0,Jonny,OFA Bank (8071),#377314,800.0,2900.0,,3700.0,Yes,Yes,No,Yes,Yes,,No
Legacy,2024-08-04,PO #26125,PSA,KCVG → KMSN,C310,,Sonrise Aviation,Net 30,7400.0,6277.5,1122.5,Jonny,OFA Bank (8071),#377314,561.25,6277.5,,6838.75,Yes,Yes,No,Yes,Yes,,No
Legacy,2024-07-30,PO #26122,PSA,KDAY → KPHL,C310,,Air Z,Net 30,6000.0,5000.0,1000.0,Jonny,OFA Bank (8071),#377314,500.0,5000.0,,5500.0,Yes,Yes,No,Yes,Yes,,No
Legacy,2024-07-29,PO #26121,PSA,KDAY → KPHL,Caravan,,Priority Air Charter,Net 30,6200.0,5865.52,334.48,Jonny,OFA Bank (8071),#377142,167.24,5865.52,,6032.76,Yes,Yes,No,Yes,Yes,,No
Legacy,2024-07-28,PO #26120,PSA,KCAK → KABE,C310,,Air Z,Net 30,5600.0,3679.38,1920.62,Jonny,OFA Bank (8071),#377314,960.31,3679.38,,4639.69,Yes,Yes,No,Yes,Yes,,No
Legacy,2024-07-26,PO #26119,PSA,KDAY → KIAD,C310,,Sonrise Aviation,Net 30,6500.0,5568.77,931.23,Jonny,OFA Bank (8071),#377314,465.62,5568.77,,6034.39,Yes,Yes,No,Yes,Yes,,No
Legacy,2024-07-23,PO # 26118,PSA,KCLT → KDFW,King Air 90,,Executive Air Shuttle,Net 30,13250.0,12500.0,750.0,Jonny,OFA Bank (8071),# 376838,375.0,12500.0,,12875.0,Yes,Yes,No,Yes,Yes,,No
Legacy,2024-07-23,PO # 26117,PSA,KCAK → KPIA,C310,,Air Z,Net 30,6100.0,5000.0,1100.0,Jonny,OFA Bank (8071),# 376838,550.0,5000.0,,5550.0,Yes,Yes,No,Yes,Yes,,No
Legacy,2024-07-22,PO # 26116,PSA,KGSP → KHOU,King Air 90,,Air Reldan Inc,Net 30,14000.0,13000.0,1000.0,Jonny,OFA Bank (8071),# 376838,500.0,13000.0,,13500.0,Yes,Yes,No,Yes,Yes,,No
Legacy,2024-07-22,PO # 26115,PSA,KCAK → KPIA,C310,,Air Z,Net 30,6100.0,4000.0,2100.0,Jonny,OFA Bank (8071),# 376838,1050.0,4000.0,,5050.0,Yes,Yes,No,Yes,Yes,,No
Legacy,2024-07-21,PO # 26114,PSA,KCAK → KMEM,C310,,Air Z,Net 30,8500.0,6700.0,1800.0,Jonny,OFA Bank (8071),# 376697,900.0,6700.0,,7600.0,Yes,Yes,No,Yes,Yes,,No
Legacy,2024-07-17,PO # 26112,PSA,KGSP → KBHM,King Air 90,,Executive Air Shuttle,Net 30,6800.0,5712.0,1088.0,Jonny,OFA Bank (8071),# 376540,544.0,5712.0,,6256.0,Yes,Yes,No,Yes,Yes,,No
Legacy,2024-07-15,PO # 26110,PSA,KCAK → KMDT,C310,,Air Z,Net 30,5500.0,3500.0,2000.0,Jonny,OFA Bank (8071),# 376426,1000.0,3500.0,,4500.0,Yes,Yes,No,Yes,Yes,,No
Legacy,2024-07-08,PO # 26106,PSA,KCAK → KBTR,C310,,Air Z,Net 30,9500.0,8500.0,1000.0,Jonny,OFA Bank (8071),# 376158,500.0,8500.0,,9000.0,Yes,Yes,No,Yes,Yes,,No
Legacy,2024-07-03,PO # 26108,PSA,KGSP → KAVP,King Air 90,,Executive Air Shuttle,Net 30,9700.0,8911.75,788.25,Jonny,Jonny (Investor),# 375613,394.13,8911.75,,9305.88,Yes,Yes,No,Yes,Yes,,No
Legacy,2024-07-01,PO-PSA-006,PSA,KCAK → KSTL,Aerostar,,Castle Aviation,Net 30,5300.0,4300.0,1000.0,Jonny,Jonny (Investor),# 375613,500.0,4300.0,,4800.0,Yes,Yes,No,Yes,Yes,,No
Legacy,2024-06-18,PO-PSA-004,PSA,KCVG → KMHT,C310,,Air Z,Net 30,8000.0,7000.0,1000.0,Jonny,Jonny (Investor),# 375613,500.0,7000.0,,7500.0,Yes,Yes,No,Yes,Yes,,No
Legacy,2024-06-16,PO-PSA-002,PSA,KDAY → KMSN,CJ1,,Zanesville Aviation,Net 30,15425.0,14625.0,800.0,Jonny,Jonny (Investor),# 375613,400.0,14625.0,,15025.0,Yes,Yes,No,Yes,Yes,,No
Legacy,2024-06-05,P0-PSA-001,PSA,KDAY → KIAD,C404,,Sonrise Aviation,Net 30,5995.0,6144.39,-149.39,Jonny,Jonny (Investor),# 375613,,6144.39,,6144.39,Yes,Yes,No,Yes,Yes,,No
Legacy,2024-01-31,PO# 26244,PSA,KCAK → KSYR,C340,,Air Z,Net 30,6500.0,4500.0,2000.0,Jonny 1%,OFA Bank (8071),# 383974,45.0,4500.0,,4545.0,Yes,Yes,No,Yes,Yes,,No
Legacy,2024-01-09,PO # 26236,PSA,KDAY → KMCI,C404,,Sonrise,Net 30,8500.0,7968.0,532.0,Jonny 1%,OFA Bank (8071),# 383241,79.68,7968.0,,8047.68,Yes,Yes,No,Yes,Yes,,No
Legacy,2024-01-06,PO# 26235,PSA,KIND → KGSP,C310,,Sonrise,Net 30,7500.0,6350.0,1150.0,Jonny 1%,OFA Bank (8071),# 383106,63.5,6350.0,,6413.5,Yes,Yes,No,Yes,Yes,,No
Legacy,2024-01-03,PO# 26234,PSA,KCAK → KPWM,Aerostar,,Castle,Net 30,8000.0,5373.99,2626.01,Jonny 1%,OFA Bank (8071),# 382857,53.74,5373.99,,5427.73,Yes,Yes,No,Yes,Yes,,No
Legacy,2024-01-02,PO #26233,PSA,KCAK → KPWM,C310,,Air Z,Net 30,8200.0,6500.0,1700.0,Jonny 1%,OFA Bank (8071),# 382987,65.0,6500.0,,6565.0,Yes,Yes,No,Yes,Yes,,No
Legacy,2025-10-18,PO # 00187,PSA,KCAK → KBGR,C310,,Miller,Net 30,10400.0,9234.29,1165.71,Jonny 1%,OFA Bank (8071),# 394328,92.34,9234.29,,9326.63,Yes,Yes,No,Yes,Yes,,No
